timestamp,event_type,round_index,condition_id,object_id,extra_1,extra_2
2026-05-27 11:43:12.107,EXPERIMENT_START,-1,NA,SYSTEM,NA,NA
2026-05-27 11:43:12.110,DISTRACTOR_OFF,1,C1_VisualOff_AudioOff,VisualDistractor,VISUAL,NA
2026-05-27 11:43:12.114,DISTRACTOR_OFF,1,C1_VisualOff_AudioOff,VisualDistractor,VISUAL,NA
2026-05-27 11:43:12.119,ROUND_START,1,C1_VisualOff_AudioOff,ROUND,NA,NA
2026-05-27 11:43:12.122,DISTRACTOR_OFF,1,C1_VisualOff_AudioOff,VisualDistractor,VISUAL,NA
2026-05-27 11:43:18.427,CARD_FLIP,1,C1_VisualOff_AudioOff,CardVisual_1_2,pair_3,FIRST
2026-05-27 11:43:19.510,THINKING_TIME,1,C1_VisualOff_AudioOff,CardVisual_1_1,1.08,NA
2026-05-27 11:43:19.514,CARD_FLIP,1,C1_VisualOff_AudioOff,CardVisual_1_1,pair_4,SECOND
2026-05-27 11:43:20.526,MISMATCH,1,C1_VisualOff_AudioOff,CardVisual_1_2,CardVisual_1_1,NA
2026-05-27 11:43:20.951,THINKING_TIME,1,C1_VisualOff_AudioOff,CardVisual_2_1,1.44,NA
2026-05-27 11:43:20.954,CARD_FLIP,1,C1_VisualOff_AudioOff,CardVisual_2_1,pair_7,FIRST
2026-05-27 11:43:21.987,THINKING_TIME,1,C1_VisualOff_AudioOff,CardVisual_2_2,1.04,NA
2026-05-27 11:43:21.991,CARD_FLIP,1,C1_VisualOff_AudioOff,CardVisual_2_2,pair_3,SECOND
2026-05-27 11:43:23.009,MISMATCH,1,C1_VisualOff_AudioOff,CardVisual_2_1,CardVisual_2_2,NA
2026-05-27 11:43:23.583,THINKING_TIME,1,C1_VisualOff_AudioOff,CardVisual_1_2,1.60,NA
2026-05-27 11:43:23.587,RECHECK,1,C1_VisualOff_AudioOff,CardVisual_1_2,pair_3,1
2026-05-27 11:43:23.590,CARD_FLIP,1,C1_VisualOff_AudioOff,CardVisual_1_2,pair_3,FIRST
2026-05-27 11:43:24.224,THINKING_TIME,1,C1_VisualOff_AudioOff,CardVisual_2_2,0.64,NA
2026-05-27 11:43:24.227,RECHECK,1,C1_VisualOff_AudioOff,CardVisual_2_2,pair_3,2
2026-05-27 11:43:24.230,CARD_FLIP,1,C1_VisualOff_AudioOff,CardVisual_2_2,pair_3,SECOND
2026-05-27 11:43:25.236,MATCH,1,C1_VisualOff_AudioOff,CardVisual_1_2,CardVisual_2_2,NA
2026-05-27 11:43:26.702,THINKING_TIME,1,C1_VisualOff_AudioOff,CardVisual_3_1,2.48,NA
2026-05-27 11:43:26.706,CARD_FLIP,1,C1_VisualOff_AudioOff,CardVisual_3_1,pair_5,FIRST
2026-05-27 11:43:28.061,THINKING_TIME,1,C1_VisualOff_AudioOff,CardVisual_3_0,1.36,NA
2026-05-27 11:43:28.065,CARD_FLIP,1,C1_VisualOff_AudioOff,CardVisual_3_0,pair_6,SECOND
2026-05-27 11:43:29.070,MISMATCH,1,C1_VisualOff_AudioOff,CardVisual_3_1,CardVisual_3_0,NA
2026-05-27 11:43:29.484,THINKING_TIME,1,C1_VisualOff_AudioOff,CardVisual_3_2,1.42,NA
2026-05-27 11:43:29.487,CARD_FLIP,1,C1_VisualOff_AudioOff,CardVisual_3_2,pair_1,FIRST
2026-05-27 11:43:30.493,THINKING_TIME,1,C1_VisualOff_AudioOff,CardVisual_3_3,1.01,NA
2026-05-27 11:43:30.497,CARD_FLIP,1,C1_VisualOff_AudioOff,CardVisual_3_3,pair_0,SECOND
2026-05-27 11:43:31.500,MISMATCH,1,C1_VisualOff_AudioOff,CardVisual_3_2,CardVisual_3_3,NA
2026-05-27 11:43:31.528,THINKING_TIME,1,C1_VisualOff_AudioOff,CardVisual_2_3,1.04,NA
2026-05-27 11:43:31.532,CARD_FLIP,1,C1_VisualOff_AudioOff,CardVisual_2_3,pair_2,FIRST
2026-05-27 11:43:32.416,THINKING_TIME,1,C1_VisualOff_AudioOff,CardVisual_1_3,0.89,NA
2026-05-27 11:43:32.419,CARD_FLIP,1,C1_VisualOff_AudioOff,CardVisual_1_3,pair_6,SECOND
2026-05-27 11:43:33.432,MISMATCH,1,C1_VisualOff_AudioOff,CardVisual_2_3,CardVisual_1_3,NA
2026-05-27 11:43:34.232,THINKING_TIME,1,C1_VisualOff_AudioOff,CardVisual_3_0,1.82,NA
2026-05-27 11:43:34.236,RECHECK,1,C1_VisualOff_AudioOff,CardVisual_3_0,pair_6,3
2026-05-27 11:43:34.240,CARD_FLIP,1,C1_VisualOff_AudioOff,CardVisual_3_0,pair_6,FIRST
2026-05-27 11:43:35.120,THINKING_TIME,1,C1_VisualOff_AudioOff,CardVisual_1_3,0.89,NA
2026-05-27 11:43:35.124,RECHECK,1,C1_VisualOff_AudioOff,CardVisual_1_3,pair_6,4
2026-05-27 11:43:35.127,CARD_FLIP,1,C1_VisualOff_AudioOff,CardVisual_1_3,pair_6,SECOND
2026-05-27 11:43:36.124,MATCH,1,C1_VisualOff_AudioOff,CardVisual_3_0,CardVisual_1_3,NA
2026-05-27 11:43:36.384,THINKING_TIME,1,C1_VisualOff_AudioOff,CardVisual_0_3,1.26,NA
2026-05-27 11:43:36.388,CARD_FLIP,1,C1_VisualOff_AudioOff,CardVisual_0_3,pair_7,FIRST
2026-05-27 11:43:37.633,THINKING_TIME,1,C1_VisualOff_AudioOff,CardVisual_3_1,1.25,NA
2026-05-27 11:43:37.637,RECHECK,1,C1_VisualOff_AudioOff,CardVisual_3_1,pair_5,5
2026-05-27 11:43:37.639,CARD_FLIP,1,C1_VisualOff_AudioOff,CardVisual_3_1,pair_5,SECOND
2026-05-27 11:43:38.637,MISMATCH,1,C1_VisualOff_AudioOff,CardVisual_0_3,CardVisual_3_1,NA
2026-05-27 11:43:39.030,THINKING_TIME,1,C1_VisualOff_AudioOff,CardVisual_2_1,1.40,NA
2026-05-27 11:43:39.034,RECHECK,1,C1_VisualOff_AudioOff,CardVisual_2_1,pair_7,6
2026-05-27 11:43:39.038,CARD_FLIP,1,C1_VisualOff_AudioOff,CardVisual_2_1,pair_7,FIRST
2026-05-27 11:43:39.910,THINKING_TIME,1,C1_VisualOff_AudioOff,CardVisual_0_3,0.88,NA
2026-05-27 11:43:39.914,RECHECK,1,C1_VisualOff_AudioOff,CardVisual_0_3,pair_7,7
2026-05-27 11:43:39.918,CARD_FLIP,1,C1_VisualOff_AudioOff,CardVisual_0_3,pair_7,SECOND
2026-05-27 11:43:40.920,MATCH,1,C1_VisualOff_AudioOff,CardVisual_2_1,CardVisual_0_3,NA
2026-05-27 11:43:41.393,THINKING_TIME,1,C1_VisualOff_AudioOff,CardVisual_0_2,1.48,NA
2026-05-27 11:43:41.396,CARD_FLIP,1,C1_VisualOff_AudioOff,CardVisual_0_2,pair_5,FIRST
2026-05-27 11:43:42.587,THINKING_TIME,1,C1_VisualOff_AudioOff,CardVisual_3_1,1.19,NA
2026-05-27 11:43:42.590,RECHECK,1,C1_VisualOff_AudioOff,CardVisual_3_1,pair_5,8
2026-05-27 11:43:42.594,CARD_FLIP,1,C1_VisualOff_AudioOff,CardVisual_3_1,pair_5,SECOND
2026-05-27 11:43:43.598,MATCH,1,C1_VisualOff_AudioOff,CardVisual_0_2,CardVisual_3_1,NA
2026-05-27 11:43:44.434,THINKING_TIME,1,C1_VisualOff_AudioOff,CardVisual_1_0,1.85,NA
2026-05-27 11:43:44.437,CARD_FLIP,1,C1_VisualOff_AudioOff,CardVisual_1_0,pair_1,FIRST
2026-05-27 11:43:45.985,THINKING_TIME,1,C1_VisualOff_AudioOff,CardVisual_3_2,1.55,NA
2026-05-27 11:43:45.989,RECHECK,1,C1_VisualOff_AudioOff,CardVisual_3_2,pair_1,9
2026-05-27 11:43:45.992,CARD_FLIP,1,C1_VisualOff_AudioOff,CardVisual_3_2,pair_1,SECOND
2026-05-27 11:43:46.998,MATCH,1,C1_VisualOff_AudioOff,CardVisual_1_0,CardVisual_3_2,NA
2026-05-27 11:43:47.040,THINKING_TIME,1,C1_VisualOff_AudioOff,CardVisual_2_0,1.05,NA
2026-05-27 11:43:47.044,CARD_FLIP,1,C1_VisualOff_AudioOff,CardVisual_2_0,pair_0,FIRST
2026-05-27 11:43:48.417,THINKING_TIME,1,C1_VisualOff_AudioOff,CardVisual_3_3,1.38,NA
2026-05-27 11:43:48.420,RECHECK,1,C1_VisualOff_AudioOff,CardVisual_3_3,pair_0,10
2026-05-27 11:43:48.424,CARD_FLIP,1,C1_VisualOff_AudioOff,CardVisual_3_3,pair_0,SECOND
2026-05-27 11:43:49.434,MATCH,1,C1_VisualOff_AudioOff,CardVisual_2_0,CardVisual_3_3,NA
2026-05-27 11:43:50.808,THINKING_TIME,1,C1_VisualOff_AudioOff,Card_0_0,2.39,NA
2026-05-27 11:43:50.812,CARD_FLIP,1,C1_VisualOff_AudioOff,Card_0_0,pair_4,FIRST
2026-05-27 11:43:52.144,THINKING_TIME,1,C1_VisualOff_AudioOff,CardVisual_2_3,1.34,NA
2026-05-27 11:43:52.147,RECHECK,1,C1_VisualOff_AudioOff,CardVisual_2_3,pair_2,11
2026-05-27 11:43:52.151,CARD_FLIP,1,C1_VisualOff_AudioOff,CardVisual_2_3,pair_2,SECOND
2026-05-27 11:43:53.155,MISMATCH,1,C1_VisualOff_AudioOff,Card_0_0,CardVisual_2_3,NA
2026-05-27 11:43:53.962,THINKING_TIME,1,C1_VisualOff_AudioOff,CardVisual_0_1,1.82,NA
2026-05-27 11:43:53.966,CARD_FLIP,1,C1_VisualOff_AudioOff,CardVisual_0_1,pair_2,FIRST
2026-05-27 11:43:55.175,THINKING_TIME,1,C1_VisualOff_AudioOff,CardVisual_2_3,1.21,NA
2026-05-27 11:43:55.178,RECHECK,1,C1_VisualOff_AudioOff,CardVisual_2_3,pair_2,12
2026-05-27 11:43:55.181,CARD_FLIP,1,C1_VisualOff_AudioOff,CardVisual_2_3,pair_2,SECOND
2026-05-27 11:43:56.185,MATCH,1,C1_VisualOff_AudioOff,CardVisual_0_1,CardVisual_2_3,NA
2026-05-27 11:43:56.839,THINKING_TIME,1,C1_VisualOff_AudioOff,Card_0_0,1.66,NA
2026-05-27 11:43:56.843,RECHECK,1,C1_VisualOff_AudioOff,Card_0_0,pair_4,13
2026-05-27 11:43:56.847,CARD_FLIP,1,C1_VisualOff_AudioOff,Card_0_0,pair_4,FIRST
2026-05-27 11:43:57.427,THINKING_TIME,1,C1_VisualOff_AudioOff,CardVisual_1_1,0.59,NA
2026-05-27 11:43:57.433,RECHECK,1,C1_VisualOff_AudioOff,CardVisual_1_1,pair_4,14
2026-05-27 11:43:57.437,CARD_FLIP,1,C1_VisualOff_AudioOff,CardVisual_1_1,pair_4,SECOND
2026-05-27 11:43:58.437,MATCH,1,C1_VisualOff_AudioOff,Card_0_0,CardVisual_1_1,NA
2026-05-27 11:43:58.441,ROUND_END,1,C1_VisualOff_AudioOff,ROUND,46.32,mismatches=7rechecks=14
2026-05-27 11:43:58.455,DISTRACTOR_OFF,1,C1_VisualOff_AudioOff,VisualDistractor,VISUAL,NA
2026-05-27 11:43:58.459,QUESTIONNAIRE_START,1,C1_VisualOff_AudioOff,POST_CONDITION_QUESTIONNAIRE,NA,NA
2026-05-27 11:45:47.029,QUESTIONNAIRE_ANSWER,1,C1_VisualOff_AudioOff,Q1,How much mental and perceptual activity was required (e.g. thinking," deciding, calculating, remembering, looking, searching, etc)? Was the task easy or demanding, simple or complex, exacting or forgiving?,20"
2026-05-27 11:45:47.033,QUESTIONNAIRE_ANSWER,1,C1_VisualOff_AudioOff,Q2,How much physical activity was required (e.g. pushing," pulling, turning, controlling, activating, etc)? Was the task easy or demanding, slow or brisk, slack or strenuous, restful or laborious?,5"
2026-05-27 11:45:47.035,QUESTIONNAIRE_ANSWER,1,C1_VisualOff_AudioOff,Q3,How much time pressure did you feel due to the rate of pace at which the tasks or task elements occurred? Was the pace slow and leisurely or rapid and frantic?,0
2026-05-27 11:45:47.037,QUESTIONNAIRE_ANSWER,1,C1_VisualOff_AudioOff,Q4,How successful do you think you were in accomplishing the goals of the task set by the experimenter (or yourself)? How satisfied were you with your performance in accomplishing these goals?,80
2026-05-27 11:45:47.040,QUESTIONNAIRE_ANSWER,1,C1_VisualOff_AudioOff,Q5,How hard did you have to work (mentally and physically) to accomplish your level of performance?,50
2026-05-27 11:45:47.043,QUESTIONNAIRE_ANSWER,1,C1_VisualOff_AudioOff,Q6,How insecure," discouraged, irritated, stressed and annoyed versus secure, gratified, content, relaxed and complacent did you feel during the task?,53"
2026-05-27 11:45:47.045,QUESTIONNAIRE_END,1,C1_VisualOff_AudioOff,POST_CONDITION_QUESTIONNAIRE,NA,NA
2026-05-27 11:45:47.048,DISTRACTOR_OFF,1,C1_VisualOff_AudioOff,VisualDistractor,VISUAL,NA
2026-05-27 11:46:13.295,DISTRACTOR_ON,1,C1_VisualOff_AudioOff,Visual_Left,VISUAL_PREDICTABLE,NA
2026-05-27 11:46:13.300,ROUND_START,2,C2_VisualPredictable_AudioOff,ROUND,NA,NA
2026-05-27 11:46:13.303,DISTRACTOR_ON,2,C2_VisualPredictable_AudioOff,Visual_Left,VISUAL_PREDICTABLE,NA
2026-05-27 11:46:19.176,THINKING_TIME,2,C2_VisualPredictable_AudioOff,CardVisual_1_2,141.75,NA
2026-05-27 11:46:19.179,CARD_FLIP,2,C2_VisualPredictable_AudioOff,CardVisual_1_2,pair_3,FIRST
2026-05-27 11:46:20.290,THINKING_TIME,2,C2_VisualPredictable_AudioOff,CardVisual_2_1,1.11,NA
2026-05-27 11:46:20.294,CARD_FLIP,2,C2_VisualPredictable_AudioOff,CardVisual_2_1,pair_5,SECOND
2026-05-27 11:46:21.300,MISMATCH,2,C2_VisualPredictable_AudioOff,CardVisual_1_2,CardVisual_2_1,NA
2026-05-27 11:46:26.455,THINKING_TIME,2,C2_VisualPredictable_AudioOff,CardVisual_0_3,6.17,NA
2026-05-27 11:46:26.458,CARD_FLIP,2,C2_VisualPredictable_AudioOff,CardVisual_0_3,pair_0,FIRST
2026-05-27 11:46:27.688,THINKING_TIME,2,C2_VisualPredictable_AudioOff,CardVisual_3_3,1.23,NA
2026-05-27 11:46:27.690,CARD_FLIP,2,C2_VisualPredictable_AudioOff,CardVisual_3_3,pair_3,SECOND
2026-05-27 11:46:28.693,MISMATCH,2,C2_VisualPredictable_AudioOff,CardVisual_0_3,CardVisual_3_3,NA
2026-05-27 11:46:28.842,THINKING_TIME,2,C2_VisualPredictable_AudioOff,CardVisual_1_2,1.16,NA
2026-05-27 11:46:28.845,RECHECK,2,C2_VisualPredictable_AudioOff,CardVisual_1_2,pair_3,1
2026-05-27 11:46:28.848,CARD_FLIP,2,C2_VisualPredictable_AudioOff,CardVisual_1_2,pair_3,FIRST
2026-05-27 11:46:29.547,THINKING_TIME,2,C2_VisualPredictable_AudioOff,CardVisual_3_3,0.70,NA
2026-05-27 11:46:29.550,RECHECK,2,C2_VisualPredictable_AudioOff,CardVisual_3_3,pair_3,2
2026-05-27 11:46:29.552,CARD_FLIP,2,C2_VisualPredictable_AudioOff,CardVisual_3_3,pair_3,SECOND
2026-05-27 11:46:30.556,MATCH,2,C2_VisualPredictable_AudioOff,CardVisual_1_2,CardVisual_3_3,NA
2026-05-27 11:46:40.517,THINKING_TIME,2,C2_VisualPredictable_AudioOff,CardVisual_2_2,10.97,NA
2026-05-27 11:46:40.520,CARD_FLIP,2,C2_VisualPredictable_AudioOff,CardVisual_2_2,pair_2,FIRST
2026-05-27 11:46:41.606,THINKING_TIME,2,C2_VisualPredictable_AudioOff,CardVisual_0_1,1.09,NA
2026-05-27 11:46:41.609,CARD_FLIP,2,C2_VisualPredictable_AudioOff,CardVisual_0_1,pair_6,SECOND
2026-05-27 11:46:42.626,MISMATCH,2,C2_VisualPredictable_AudioOff,CardVisual_2_2,CardVisual_0_1,NA
2026-05-27 11:46:42.953,THINKING_TIME,2,C2_VisualPredictable_AudioOff,Card_0_0,1.35,NA
2026-05-27 11:46:42.956,CARD_FLIP,2,C2_VisualPredictable_AudioOff,Card_0_0,pair_7,FIRST
2026-05-27 11:46:44.841,THINKING_TIME,2,C2_VisualPredictable_AudioOff,CardVisual_3_0,1.89,NA
2026-05-27 11:46:44.845,CARD_FLIP,2,C2_VisualPredictable_AudioOff,CardVisual_3_0,pair_2,SECOND
2026-05-27 11:46:45.854,MISMATCH,2,C2_VisualPredictable_AudioOff,Card_0_0,CardVisual_3_0,NA
2026-05-27 11:46:46.207,THINKING_TIME,2,C2_VisualPredictable_AudioOff,CardVisual_2_2,1.37,NA
2026-05-27 11:46:46.210,RECHECK,2,C2_VisualPredictable_AudioOff,CardVisual_2_2,pair_2,3
2026-05-27 11:46:46.213,CARD_FLIP,2,C2_VisualPredictable_AudioOff,CardVisual_2_2,pair_2,FIRST
2026-05-27 11:46:46.899,THINKING_TIME,2,C2_VisualPredictable_AudioOff,CardVisual_3_0,0.69,NA
2026-05-27 11:46:46.903,RECHECK,2,C2_VisualPredictable_AudioOff,CardVisual_3_0,pair_2,4
2026-05-27 11:46:46.905,CARD_FLIP,2,C2_VisualPredictable_AudioOff,CardVisual_3_0,pair_2,SECOND
2026-05-27 11:46:47.904,MATCH,2,C2_VisualPredictable_AudioOff,CardVisual_2_2,CardVisual_3_0,NA
2026-05-27 11:46:47.935,THINKING_TIME,2,C2_VisualPredictable_AudioOff,CardVisual_3_1,1.04,NA
2026-05-27 11:46:47.938,CARD_FLIP,2,C2_VisualPredictable_AudioOff,CardVisual_3_1,pair_1,FIRST
2026-05-27 11:46:49.129,THINKING_TIME,2,C2_VisualPredictable_AudioOff,Card_0_0,1.19,NA
2026-05-27 11:46:49.133,RECHECK,2,C2_VisualPredictable_AudioOff,Card_0_0,pair_7,5
2026-05-27 11:46:49.135,CARD_FLIP,2,C2_VisualPredictable_AudioOff,Card_0_0,pair_7,SECOND
2026-05-27 11:46:50.135,MISMATCH,2,C2_VisualPredictable_AudioOff,CardVisual_3_1,Card_0_0,NA
2026-05-27 11:46:50.484,THINKING_TIME,2,C2_VisualPredictable_AudioOff,CardVisual_0_1,1.35,NA
2026-05-27 11:46:50.487,RECHECK,2,C2_VisualPredictable_AudioOff,CardVisual_0_1,pair_6,6
2026-05-27 11:46:50.490,CARD_FLIP,2,C2_VisualPredictable_AudioOff,CardVisual_0_1,pair_6,FIRST
2026-05-27 11:46:51.317,THINKING_TIME,2,C2_VisualPredictable_AudioOff,CardVisual_0_2,0.83,NA
2026-05-27 11:46:51.320,CARD_FLIP,2,C2_VisualPredictable_AudioOff,CardVisual_0_2,pair_6,SECOND
2026-05-27 11:46:52.334,MATCH,2,C2_VisualPredictable_AudioOff,CardVisual_0_1,CardVisual_0_2,NA
2026-05-27 11:46:52.348,THINKING_TIME,2,C2_VisualPredictable_AudioOff,CardVisual_0_3,1.03,NA
2026-05-27 11:46:52.352,RECHECK,2,C2_VisualPredictable_AudioOff,CardVisual_0_3,pair_0,7
2026-05-27 11:46:52.355,CARD_FLIP,2,C2_VisualPredictable_AudioOff,CardVisual_0_3,pair_0,FIRST
2026-05-27 11:46:53.922,THINKING_TIME,2,C2_VisualPredictable_AudioOff,CardVisual_1_0,1.57,NA
2026-05-27 11:46:53.925,CARD_FLIP,2,C2_VisualPredictable_AudioOff,CardVisual_1_0,pair_4,SECOND
2026-05-27 11:46:54.933,MISMATCH,2,C2_VisualPredictable_AudioOff,CardVisual_0_3,CardVisual_1_0,NA
2026-05-27 11:46:55.101,THINKING_TIME,2,C2_VisualPredictable_AudioOff,CardVisual_2_0,1.18,NA
2026-05-27 11:46:55.104,CARD_FLIP,2,C2_VisualPredictable_AudioOff,CardVisual_2_0,pair_1,FIRST
2026-05-27 11:46:56.208,THINKING_TIME,2,C2_VisualPredictable_AudioOff,Card_0_0,1.11,NA
2026-05-27 11:46:56.212,RECHECK,2,C2_VisualPredictable_AudioOff,Card_0_0,pair_7,8
2026-05-27 11:46:56.215,CARD_FLIP,2,C2_VisualPredictable_AudioOff,Card_0_0,pair_7,SECOND
2026-05-27 11:46:57.218,MISMATCH,2,C2_VisualPredictable_AudioOff,CardVisual_2_0,Card_0_0,NA
2026-05-27 11:46:57.558,THINKING_TIME,2,C2_VisualPredictable_AudioOff,CardVisual_3_1,1.35,NA
2026-05-27 11:46:57.561,RECHECK,2,C2_VisualPredictable_AudioOff,CardVisual_3_1,pair_1,9
2026-05-27 11:46:57.564,CARD_FLIP,2,C2_VisualPredictable_AudioOff,CardVisual_3_1,pair_1,FIRST
2026-05-27 11:46:58.138,THINKING_TIME,2,C2_VisualPredictable_AudioOff,CardVisual_2_0,0.58,NA
2026-05-27 11:46:58.141,RECHECK,2,C2_VisualPredictable_AudioOff,CardVisual_2_0,pair_1,10
2026-05-27 11:46:58.144,CARD_FLIP,2,C2_VisualPredictable_AudioOff,CardVisual_2_0,pair_1,SECOND
2026-05-27 11:46:59.157,MATCH,2,C2_VisualPredictable_AudioOff,CardVisual_3_1,CardVisual_2_0,NA
2026-05-27 11:46:59.341,THINKING_TIME,2,C2_VisualPredictable_AudioOff,CardVisual_3_2,1.20,NA
2026-05-27 11:46:59.344,CARD_FLIP,2,C2_VisualPredictable_AudioOff,CardVisual_3_2,pair_4,FIRST
2026-05-27 11:47:01.301,THINKING_TIME,2,C2_VisualPredictable_AudioOff,CardVisual_2_1,1.96,NA
2026-05-27 11:47:01.304,RECHECK,2,C2_VisualPredictable_AudioOff,CardVisual_2_1,pair_5,11
2026-05-27 11:47:01.307,CARD_FLIP,2,C2_VisualPredictable_AudioOff,CardVisual_2_1,pair_5,SECOND
2026-05-27 11:47:02.308,MISMATCH,2,C2_VisualPredictable_AudioOff,CardVisual_3_2,CardVisual_2_1,NA
2026-05-27 11:47:02.912,THINKING_TIME,2,C2_VisualPredictable_AudioOff,Card_0_0,1.61,NA
2026-05-27 11:47:02.915,RECHECK,2,C2_VisualPredictable_AudioOff,Card_0_0,pair_7,12
2026-05-27 11:47:02.918,CARD_FLIP,2,C2_VisualPredictable_AudioOff,Card_0_0,pair_7,FIRST
2026-05-27 11:47:03.922,THINKING_TIME,2,C2_VisualPredictable_AudioOff,CardVisual_2_3,1.01,NA
2026-05-27 11:47:03.925,CARD_FLIP,2,C2_VisualPredictable_AudioOff,CardVisual_2_3,pair_5,SECOND
2026-05-27 11:47:04.929,MISMATCH,2,C2_VisualPredictable_AudioOff,Card_0_0,CardVisual_2_3,NA
2026-05-27 11:47:05.249,THINKING_TIME,2,C2_VisualPredictable_AudioOff,CardVisual_3_2,1.33,NA
2026-05-27 11:47:05.252,RECHECK,2,C2_VisualPredictable_AudioOff,CardVisual_3_2,pair_4,13
2026-05-27 11:47:05.255,CARD_FLIP,2,C2_VisualPredictable_AudioOff,CardVisual_3_2,pair_4,FIRST
2026-05-27 11:47:06.316,THINKING_TIME,2,C2_VisualPredictable_AudioOff,CardVisual_2_1,1.07,NA
2026-05-27 11:47:06.319,RECHECK,2,C2_VisualPredictable_AudioOff,CardVisual_2_1,pair_5,14
2026-05-27 11:47:06.322,CARD_FLIP,2,C2_VisualPredictable_AudioOff,CardVisual_2_1,pair_5,SECOND
2026-05-27 11:47:07.324,MISMATCH,2,C2_VisualPredictable_AudioOff,CardVisual_3_2,CardVisual_2_1,NA
2026-05-27 11:47:07.454,THINKING_TIME,2,C2_VisualPredictable_AudioOff,CardVisual_2_3,1.14,NA
2026-05-27 11:47:07.457,RECHECK,2,C2_VisualPredictable_AudioOff,CardVisual_2_3,pair_5,15
2026-05-27 11:47:07.460,CARD_FLIP,2,C2_VisualPredictable_AudioOff,CardVisual_2_3,pair_5,FIRST
2026-05-27 11:47:08.282,THINKING_TIME,2,C2_VisualPredictable_AudioOff,CardVisual_2_1,0.83,NA
2026-05-27 11:47:08.285,RECHECK,2,C2_VisualPredictable_AudioOff,CardVisual_2_1,pair_5,16
2026-05-27 11:47:08.288,CARD_FLIP,2,C2_VisualPredictable_AudioOff,CardVisual_2_1,pair_5,SECOND
2026-05-27 11:47:09.287,MATCH,2,C2_VisualPredictable_AudioOff,CardVisual_2_3,CardVisual_2_1,NA
2026-05-27 11:47:09.316,THINKING_TIME,2,C2_VisualPredictable_AudioOff,CardVisual_1_3,1.04,NA
2026-05-27 11:47:09.319,CARD_FLIP,2,C2_VisualPredictable_AudioOff,CardVisual_1_3,pair_0,FIRST
2026-05-27 11:47:12.379,THINKING_TIME,2,C2_VisualPredictable_AudioOff,CardVisual_0_3,3.06,NA
2026-05-27 11:47:12.382,RECHECK,2,C2_VisualPredictable_AudioOff,CardVisual_0_3,pair_0,17
2026-05-27 11:47:12.385,CARD_FLIP,2,C2_VisualPredictable_AudioOff,CardVisual_0_3,pair_0,SECOND
2026-05-27 11:47:13.393,MATCH,2,C2_VisualPredictable_AudioOff,CardVisual_1_3,CardVisual_0_3,NA
2026-05-27 11:47:14.478,THINKING_TIME,2,C2_VisualPredictable_AudioOff,CardVisual_1_0,2.10,NA
2026-05-27 11:47:14.481,RECHECK,2,C2_VisualPredictable_AudioOff,CardVisual_1_0,pair_4,18
2026-05-27 11:47:14.484,CARD_FLIP,2,C2_VisualPredictable_AudioOff,CardVisual_1_0,pair_4,FIRST
2026-05-27 11:47:15.926,THINKING_TIME,2,C2_VisualPredictable_AudioOff,CardVisual_3_2,1.45,NA
2026-05-27 11:47:15.930,RECHECK,2,C2_VisualPredictable_AudioOff,CardVisual_3_2,pair_4,19
2026-05-27 11:47:15.932,CARD_FLIP,2,C2_VisualPredictable_AudioOff,CardVisual_3_2,pair_4,SECOND
2026-05-27 11:47:16.936,MATCH,2,C2_VisualPredictable_AudioOff,CardVisual_1_0,CardVisual_3_2,NA
2026-05-27 11:47:17.114,THINKING_TIME,2,C2_VisualPredictable_AudioOff,CardVisual_1_1,1.19,NA
2026-05-27 11:47:17.117,CARD_FLIP,2,C2_VisualPredictable_AudioOff,CardVisual_1_1,pair_7,FIRST
2026-05-27 11:47:17.794,THINKING_TIME,2,C2_VisualPredictable_AudioOff,Card_0_0,0.68,NA
2026-05-27 11:47:17.797,RECHECK,2,C2_VisualPredictable_AudioOff,Card_0_0,pair_7,20
2026-05-27 11:47:17.800,CARD_FLIP,2,C2_VisualPredictable_AudioOff,Card_0_0,pair_7,SECOND
2026-05-27 11:47:18.803,MATCH,2,C2_VisualPredictable_AudioOff,CardVisual_1_1,Card_0_0,NA
2026-05-27 11:47:18.806,ROUND_END,2,C2_VisualPredictable_AudioOff,ROUND,65.50,mismatches=10rechecks=20
2026-05-27 11:47:18.809,DISTRACTOR_OFF,2,C2_VisualPredictable_AudioOff,VisualDistractor,VISUAL,NA
2026-05-27 11:47:18.812,QUESTIONNAIRE_START,2,C2_VisualPredictable_AudioOff,POST_CONDITION_QUESTIONNAIRE,NA,NA
2026-05-27 11:48:05.947,QUESTIONNAIRE_ANSWER,2,C2_VisualPredictable_AudioOff,Q1,How much mental and perceptual activity was required (e.g. thinking," deciding, calculating, remembering, looking, searching, etc)? Was the task easy or demanding, simple or complex, exacting or forgiving?,40"
2026-05-27 11:48:05.951,QUESTIONNAIRE_ANSWER,2,C2_VisualPredictable_AudioOff,Q2,How much physical activity was required (e.g. pushing," pulling, turning, controlling, activating, etc)? Was the task easy or demanding, slow or brisk, slack or strenuous, restful or laborious?,5"
2026-05-27 11:48:05.953,QUESTIONNAIRE_ANSWER,2,C2_VisualPredictable_AudioOff,Q3,How much time pressure did you feel due to the rate of pace at which the tasks or task elements occurred? Was the pace slow and leisurely or rapid and frantic?,3
2026-05-27 11:48:05.956,QUESTIONNAIRE_ANSWER,2,C2_VisualPredictable_AudioOff,Q4,How successful do you think you were in accomplishing the goals of the task set by the experimenter (or yourself)? How satisfied were you with your performance in accomplishing these goals?,40
2026-05-27 11:48:05.958,QUESTIONNAIRE_ANSWER,2,C2_VisualPredictable_AudioOff,Q5,How hard did you have to work (mentally and physically) to accomplish your level of performance?,50
2026-05-27 11:48:05.961,QUESTIONNAIRE_ANSWER,2,C2_VisualPredictable_AudioOff,Q6,How insecure," discouraged, irritated, stressed and annoyed versus secure, gratified, content, relaxed and complacent did you feel during the task?,43"
2026-05-27 11:48:05.963,QUESTIONNAIRE_END,2,C2_VisualPredictable_AudioOff,POST_CONDITION_QUESTIONNAIRE,NA,NA
2026-05-27 11:48:05.966,DISTRACTOR_OFF,2,C2_VisualPredictable_AudioOff,VisualDistractor,VISUAL,NA
2026-05-27 11:48:13.001,DISTRACTOR_ON,2,C2_VisualPredictable_AudioOff,Visual_UpperLeft,VISUAL_UNPREDICTABLE,NA
2026-05-27 11:48:13.006,ROUND_START,3,C3_VisualUnpredictable_AudioOff,ROUND,NA,NA
2026-05-27 11:48:13.008,DISTRACTOR_ON,3,C3_VisualUnpredictable_AudioOff,Visual_Left,VISUAL_UNPREDICTABLE,NA
2026-05-27 11:48:14.652,THINKING_TIME,3,C3_VisualUnpredictable_AudioOff,CardVisual_2_2,56.86,NA
2026-05-27 11:48:14.656,CARD_FLIP,3,C3_VisualUnpredictable_AudioOff,CardVisual_2_2,pair_0,FIRST
2026-05-27 11:48:16.123,THINKING_TIME,3,C3_VisualUnpredictable_AudioOff,CardVisual_1_2,1.47,NA
2026-05-27 11:48:16.126,CARD_FLIP,3,C3_VisualUnpredictable_AudioOff,CardVisual_1_2,pair_1,SECOND
2026-05-27 11:48:17.127,MISMATCH,3,C3_VisualUnpredictable_AudioOff,CardVisual_2_2,CardVisual_1_2,NA
2026-05-27 11:48:17.520,THINKING_TIME,3,C3_VisualUnpredictable_AudioOff,CardVisual_0_2,1.40,NA
2026-05-27 11:48:17.523,CARD_FLIP,3,C3_VisualUnpredictable_AudioOff,CardVisual_0_2,pair_0,FIRST
2026-05-27 11:48:18.319,THINKING_TIME,3,C3_VisualUnpredictable_AudioOff,CardVisual_2_2,0.80,NA
2026-05-27 11:48:18.322,RECHECK,3,C3_VisualUnpredictable_AudioOff,CardVisual_2_2,pair_0,1
2026-05-27 11:48:18.325,CARD_FLIP,3,C3_VisualUnpredictable_AudioOff,CardVisual_2_2,pair_0,SECOND
2026-05-27 11:48:19.331,MATCH,3,C3_VisualUnpredictable_AudioOff,CardVisual_0_2,CardVisual_2_2,NA
2026-05-27 11:48:19.462,THINKING_TIME,3,C3_VisualUnpredictable_AudioOff,CardVisual_2_3,1.14,NA
2026-05-27 11:48:19.465,CARD_FLIP,3,C3_VisualUnpredictable_AudioOff,CardVisual_2_3,pair_2,FIRST
2026-05-27 11:48:20.562,THINKING_TIME,3,C3_VisualUnpredictable_AudioOff,CardVisual_3_2,1.10,NA
2026-05-27 11:48:20.565,CARD_FLIP,3,C3_VisualUnpredictable_AudioOff,CardVisual_3_2,pair_2,SECOND
2026-05-27 11:48:21.568,MATCH,3,C3_VisualUnpredictable_AudioOff,CardVisual_2_3,CardVisual_3_2,NA
2026-05-27 11:48:21.775,THINKING_TIME,3,C3_VisualUnpredictable_AudioOff,CardVisual_3_3,1.21,NA
2026-05-27 11:48:21.778,CARD_FLIP,3,C3_VisualUnpredictable_AudioOff,CardVisual_3_3,pair_7,FIRST
2026-05-27 11:48:22.926,THINKING_TIME,3,C3_VisualUnpredictable_AudioOff,CardVisual_1_3,1.15,NA
2026-05-27 11:48:22.929,CARD_FLIP,3,C3_VisualUnpredictable_AudioOff,CardVisual_1_3,pair_4,SECOND
2026-05-27 11:48:23.942,MISMATCH,3,C3_VisualUnpredictable_AudioOff,CardVisual_3_3,CardVisual_1_3,NA
2026-05-27 11:48:24.324,THINKING_TIME,3,C3_VisualUnpredictable_AudioOff,CardVisual_0_3,1.40,NA
2026-05-27 11:48:24.327,CARD_FLIP,3,C3_VisualUnpredictable_AudioOff,CardVisual_0_3,pair_3,FIRST
2026-05-27 11:48:25.353,THINKING_TIME,3,C3_VisualUnpredictable_AudioOff,CardVisual_0_1,1.03,NA
2026-05-27 11:48:25.356,CARD_FLIP,3,C3_VisualUnpredictable_AudioOff,CardVisual_0_1,pair_3,SECOND
2026-05-27 11:48:26.363,MATCH,3,C3_VisualUnpredictable_AudioOff,CardVisual_0_3,CardVisual_0_1,NA
2026-05-27 11:48:26.638,THINKING_TIME,3,C3_VisualUnpredictable_AudioOff,CardVisual_1_1,1.29,NA
2026-05-27 11:48:26.641,CARD_FLIP,3,C3_VisualUnpredictable_AudioOff,CardVisual_1_1,pair_1,FIRST
2026-05-27 11:48:28.756,THINKING_TIME,3,C3_VisualUnpredictable_AudioOff,CardVisual_3_3,2.12,NA
2026-05-27 11:48:28.759,RECHECK,3,C3_VisualUnpredictable_AudioOff,CardVisual_3_3,pair_7,2
2026-05-27 11:48:28.762,CARD_FLIP,3,C3_VisualUnpredictable_AudioOff,CardVisual_3_3,pair_7,SECOND
2026-05-27 11:48:29.771,MISMATCH,3,C3_VisualUnpredictable_AudioOff,CardVisual_1_1,CardVisual_3_3,NA
2026-05-27 11:48:29.917,THINKING_TIME,3,C3_VisualUnpredictable_AudioOff,CardVisual_1_3,1.16,NA
2026-05-27 11:48:29.920,RECHECK,3,C3_VisualUnpredictable_AudioOff,CardVisual_1_3,pair_4,3
2026-05-27 11:48:29.923,CARD_FLIP,3,C3_VisualUnpredictable_AudioOff,CardVisual_1_3,pair_4,FIRST
2026-05-27 11:48:31.177,THINKING_TIME,3,C3_VisualUnpredictable_AudioOff,CardVisual_2_1,1.26,NA
2026-05-27 11:48:31.180,CARD_FLIP,3,C3_VisualUnpredictable_AudioOff,CardVisual_2_1,pair_5,SECOND
2026-05-27 11:48:32.187,MISMATCH,3,C3_VisualUnpredictable_AudioOff,CardVisual_1_3,CardVisual_2_1,NA
2026-05-27 11:48:32.284,THINKING_TIME,3,C3_VisualUnpredictable_AudioOff,CardVisual_3_1,1.11,NA
2026-05-27 11:48:32.287,CARD_FLIP,3,C3_VisualUnpredictable_AudioOff,CardVisual_3_1,pair_7,FIRST
2026-05-27 11:48:33.441,THINKING_TIME,3,C3_VisualUnpredictable_AudioOff,CardVisual_3_3,1.16,NA
2026-05-27 11:48:33.444,RECHECK,3,C3_VisualUnpredictable_AudioOff,CardVisual_3_3,pair_7,4
2026-05-27 11:48:33.447,CARD_FLIP,3,C3_VisualUnpredictable_AudioOff,CardVisual_3_3,pair_7,SECOND
2026-05-27 11:48:34.445,MATCH,3,C3_VisualUnpredictable_AudioOff,CardVisual_3_1,CardVisual_3_3,NA
2026-05-27 11:48:34.753,THINKING_TIME,3,C3_VisualUnpredictable_AudioOff,CardVisual_3_0,1.31,NA
2026-05-27 11:48:34.756,CARD_FLIP,3,C3_VisualUnpredictable_AudioOff,CardVisual_3_0,pair_6,FIRST
2026-05-27 11:48:36.748,THINKING_TIME,3,C3_VisualUnpredictable_AudioOff,CardVisual_2_0,1.99,NA
2026-05-27 11:48:36.752,CARD_FLIP,3,C3_VisualUnpredictable_AudioOff,CardVisual_2_0,pair_5,SECOND
2026-05-27 11:48:37.758,MISMATCH,3,C3_VisualUnpredictable_AudioOff,CardVisual_3_0,CardVisual_2_0,NA
2026-05-27 11:48:37.885,THINKING_TIME,3,C3_VisualUnpredictable_AudioOff,CardVisual_1_1,1.14,NA
2026-05-27 11:48:37.888,RECHECK,3,C3_VisualUnpredictable_AudioOff,CardVisual_1_1,pair_1,5
2026-05-27 11:48:37.890,CARD_FLIP,3,C3_VisualUnpredictable_AudioOff,CardVisual_1_1,pair_1,FIRST
2026-05-27 11:48:39.023,THINKING_TIME,3,C3_VisualUnpredictable_AudioOff,CardVisual_1_3,1.14,NA
2026-05-27 11:48:39.026,RECHECK,3,C3_VisualUnpredictable_AudioOff,CardVisual_1_3,pair_4,6
2026-05-27 11:48:39.029,CARD_FLIP,3,C3_VisualUnpredictable_AudioOff,CardVisual_1_3,pair_4,SECOND
2026-05-27 11:48:40.028,MISMATCH,3,C3_VisualUnpredictable_AudioOff,CardVisual_1_1,CardVisual_1_3,NA
2026-05-27 11:48:40.387,THINKING_TIME,3,C3_VisualUnpredictable_AudioOff,CardVisual_1_2,1.36,NA
2026-05-27 11:48:40.390,RECHECK,3,C3_VisualUnpredictable_AudioOff,CardVisual_1_2,pair_1,7
2026-05-27 11:48:40.393,CARD_FLIP,3,C3_VisualUnpredictable_AudioOff,CardVisual_1_2,pair_1,FIRST
2026-05-27 11:48:41.725,THINKING_TIME,3,C3_VisualUnpredictable_AudioOff,CardVisual_1_1,1.34,NA
2026-05-27 11:48:41.730,RECHECK,3,C3_VisualUnpredictable_AudioOff,CardVisual_1_1,pair_1,8
2026-05-27 11:48:41.733,CARD_FLIP,3,C3_VisualUnpredictable_AudioOff,CardVisual_1_1,pair_1,SECOND
2026-05-27 11:48:42.733,MATCH,3,C3_VisualUnpredictable_AudioOff,CardVisual_1_2,CardVisual_1_1,NA
2026-05-27 11:48:43.617,THINKING_TIME,3,C3_VisualUnpredictable_AudioOff,CardVisual_1_0,1.89,NA
2026-05-27 11:48:43.621,CARD_FLIP,3,C3_VisualUnpredictable_AudioOff,CardVisual_1_0,pair_6,FIRST
2026-05-27 11:48:44.514,THINKING_TIME,3,C3_VisualUnpredictable_AudioOff,CardVisual_3_0,0.90,NA
2026-05-27 11:48:44.517,RECHECK,3,C3_VisualUnpredictable_AudioOff,CardVisual_3_0,pair_6,9
2026-05-27 11:48:44.520,CARD_FLIP,3,C3_VisualUnpredictable_AudioOff,CardVisual_3_0,pair_6,SECOND
2026-05-27 11:48:45.527,MATCH,3,C3_VisualUnpredictable_AudioOff,CardVisual_1_0,CardVisual_3_0,NA
2026-05-27 11:48:46.220,THINKING_TIME,3,C3_VisualUnpredictable_AudioOff,Card_0_0,1.71,NA
2026-05-27 11:48:46.223,CARD_FLIP,3,C3_VisualUnpredictable_AudioOff,Card_0_0,pair_4,FIRST
2026-05-27 11:48:47.411,THINKING_TIME,3,C3_VisualUnpredictable_AudioOff,CardVisual_1_3,1.19,NA
2026-05-27 11:48:47.414,RECHECK,3,C3_VisualUnpredictable_AudioOff,CardVisual_1_3,pair_4,10
2026-05-27 11:48:47.417,CARD_FLIP,3,C3_VisualUnpredictable_AudioOff,CardVisual_1_3,pair_4,SECOND
2026-05-27 11:48:48.421,MATCH,3,C3_VisualUnpredictable_AudioOff,Card_0_0,CardVisual_1_3,NA
2026-05-27 11:48:48.567,THINKING_TIME,3,C3_VisualUnpredictable_AudioOff,CardVisual_2_1,1.16,NA
2026-05-27 11:48:48.570,RECHECK,3,C3_VisualUnpredictable_AudioOff,CardVisual_2_1,pair_5,11
2026-05-27 11:48:48.573,CARD_FLIP,3,C3_VisualUnpredictable_AudioOff,CardVisual_2_1,pair_5,FIRST
2026-05-27 11:48:49.101,THINKING_TIME,3,C3_VisualUnpredictable_AudioOff,CardVisual_2_0,0.53,NA
2026-05-27 11:48:49.104,RECHECK,3,C3_VisualUnpredictable_AudioOff,CardVisual_2_0,pair_5,12
2026-05-27 11:48:49.107,CARD_FLIP,3,C3_VisualUnpredictable_AudioOff,CardVisual_2_0,pair_5,SECOND
2026-05-27 11:48:50.105,MATCH,3,C3_VisualUnpredictable_AudioOff,CardVisual_2_1,CardVisual_2_0,NA
2026-05-27 11:48:50.108,ROUND_END,3,C3_VisualUnpredictable_AudioOff,ROUND,37.10,mismatches=6rechecks=12
2026-05-27 11:48:50.110,DISTRACTOR_OFF,3,C3_VisualUnpredictable_AudioOff,VisualDistractor,VISUAL,NA
2026-05-27 11:48:50.113,QUESTIONNAIRE_START,3,C3_VisualUnpredictable_AudioOff,POST_CONDITION_QUESTIONNAIRE,NA,NA
2026-05-27 11:49:41.500,QUESTIONNAIRE_ANSWER,3,C3_VisualUnpredictable_AudioOff,Q1,How much mental and perceptual activity was required (e.g. thinking," deciding, calculating, remembering, looking, searching, etc)? Was the task easy or demanding, simple or complex, exacting or forgiving?,24"
2026-05-27 11:49:41.503,QUESTIONNAIRE_ANSWER,3,C3_VisualUnpredictable_AudioOff,Q2,How much physical activity was required (e.g. pushing," pulling, turning, controlling, activating, etc)? Was the task easy or demanding, slow or brisk, slack or strenuous, restful or laborious?,5"
2026-05-27 11:49:41.505,QUESTIONNAIRE_ANSWER,3,C3_VisualUnpredictable_AudioOff,Q3,How much time pressure did you feel due to the rate of pace at which the tasks or task elements occurred? Was the pace slow and leisurely or rapid and frantic?,13
2026-05-27 11:49:41.508,QUESTIONNAIRE_ANSWER,3,C3_VisualUnpredictable_AudioOff,Q4,How successful do you think you were in accomplishing the goals of the task set by the experimenter (or yourself)? How satisfied were you with your performance in accomplishing these goals?,50
2026-05-27 11:49:41.510,QUESTIONNAIRE_ANSWER,3,C3_VisualUnpredictable_AudioOff,Q5,How hard did you have to work (mentally and physically) to accomplish your level of performance?,50
2026-05-27 11:49:41.513,QUESTIONNAIRE_ANSWER,3,C3_VisualUnpredictable_AudioOff,Q6,How insecure," discouraged, irritated, stressed and annoyed versus secure, gratified, content, relaxed and complacent did you feel during the task?,56"
2026-05-27 11:49:41.515,QUESTIONNAIRE_END,3,C3_VisualUnpredictable_AudioOff,POST_CONDITION_QUESTIONNAIRE,NA,NA
2026-05-27 11:49:41.517,DISTRACTOR_OFF,3,C3_VisualUnpredictable_AudioOff,VisualDistractor,VISUAL,NA
2026-05-27 11:49:41.527,DISTRACTOR_OFF,3,C3_VisualUnpredictable_AudioOff,VisualDistractor,VISUAL,NA
2026-05-27 11:49:50.334,DISTRACTOR_OFF,3,C3_VisualUnpredictable_AudioOff,VisualDistractor,VISUAL,NA
2026-05-27 11:49:50.339,DISTRACTOR_ON,3,C3_VisualUnpredictable_AudioOff,PredictableAudioSource,AUDIO,NA
2026-05-27 11:49:50.346,ROUND_START,4,C4_VisualOff_AudioPredictable,ROUND,NA,NA
2026-05-27 11:49:50.349,DISTRACTOR_OFF,4,C4_VisualOff_AudioPredictable,VisualDistractor,VISUAL,NA
2026-05-27 11:49:50.352,DISTRACTOR_ON,4,C4_VisualOff_AudioPredictable,PredictableAudioSource,AUDIO,NA
2026-05-27 11:49:54.483,THINKING_TIME,4,C4_VisualOff_AudioPredictable,CardVisual_3_3,65.38,NA
2026-05-27 11:49:54.487,CARD_FLIP,4,C4_VisualOff_AudioPredictable,CardVisual_3_3,pair_4,FIRST
2026-05-27 11:49:55.386,THINKING_TIME,4,C4_VisualOff_AudioPredictable,CardVisual_2_3,0.90,NA
2026-05-27 11:49:55.390,CARD_FLIP,4,C4_VisualOff_AudioPredictable,CardVisual_2_3,pair_5,SECOND
2026-05-27 11:49:56.396,MISMATCH,4,C4_VisualOff_AudioPredictable,CardVisual_3_3,CardVisual_2_3,NA
2026-05-27 11:49:56.770,THINKING_TIME,4,C4_VisualOff_AudioPredictable,CardVisual_1_3,1.38,NA
2026-05-27 11:49:56.775,CARD_FLIP,4,C4_VisualOff_AudioPredictable,CardVisual_1_3,pair_5,FIRST
2026-05-27 11:49:57.538,THINKING_TIME,4,C4_VisualOff_AudioPredictable,CardVisual_2_3,0.77,NA
2026-05-27 11:49:57.542,RECHECK,4,C4_VisualOff_AudioPredictable,CardVisual_2_3,pair_5,1
2026-05-27 11:49:57.545,CARD_FLIP,4,C4_VisualOff_AudioPredictable,CardVisual_2_3,pair_5,SECOND
2026-05-27 11:49:58.551,MATCH,4,C4_VisualOff_AudioPredictable,CardVisual_1_3,CardVisual_2_3,NA
2026-05-27 11:49:58.747,THINKING_TIME,4,C4_VisualOff_AudioPredictable,CardVisual_0_3,1.21,NA
2026-05-27 11:49:58.751,CARD_FLIP,4,C4_VisualOff_AudioPredictable,CardVisual_0_3,pair_0,FIRST
2026-05-27 11:49:59.500,THINKING_TIME,4,C4_VisualOff_AudioPredictable,CardVisual_0_2,0.75,NA
2026-05-27 11:49:59.504,CARD_FLIP,4,C4_VisualOff_AudioPredictable,CardVisual_0_2,pair_1,SECOND
2026-05-27 11:50:00.508,MISMATCH,4,C4_VisualOff_AudioPredictable,CardVisual_0_3,CardVisual_0_2,NA
2026-05-27 11:50:00.902,THINKING_TIME,4,C4_VisualOff_AudioPredictable,CardVisual_1_2,1.40,NA
2026-05-27 11:50:00.906,CARD_FLIP,4,C4_VisualOff_AudioPredictable,CardVisual_1_2,pair_4,FIRST
2026-05-27 11:50:01.838,THINKING_TIME,4,C4_VisualOff_AudioPredictable,CardVisual_3_3,0.94,NA
2026-05-27 11:50:01.840,RECHECK,4,C4_VisualOff_AudioPredictable,CardVisual_3_3,pair_4,2
2026-05-27 11:50:01.844,CARD_FLIP,4,C4_VisualOff_AudioPredictable,CardVisual_3_3,pair_4,SECOND
2026-05-27 11:50:02.848,MATCH,4,C4_VisualOff_AudioPredictable,CardVisual_1_2,CardVisual_3_3,NA
2026-05-27 11:50:03.219,THINKING_TIME,4,C4_VisualOff_AudioPredictable,CardVisual_2_2,1.38,NA
2026-05-27 11:50:03.223,CARD_FLIP,4,C4_VisualOff_AudioPredictable,CardVisual_2_2,pair_3,FIRST
2026-05-27 11:50:04.176,THINKING_TIME,4,C4_VisualOff_AudioPredictable,CardVisual_3_2,0.96,NA
2026-05-27 11:50:04.180,CARD_FLIP,4,C4_VisualOff_AudioPredictable,CardVisual_3_2,pair_6,SECOND
2026-05-27 11:50:05.193,MISMATCH,4,C4_VisualOff_AudioPredictable,CardVisual_2_2,CardVisual_3_2,NA
2026-05-27 11:50:05.830,THINKING_TIME,4,C4_VisualOff_AudioPredictable,CardVisual_0_3,1.65,NA
2026-05-27 11:50:05.834,RECHECK,4,C4_VisualOff_AudioPredictable,CardVisual_0_3,pair_0,3
2026-05-27 11:50:05.837,CARD_FLIP,4,C4_VisualOff_AudioPredictable,CardVisual_0_3,pair_0,FIRST
2026-05-27 11:50:07.222,THINKING_TIME,4,C4_VisualOff_AudioPredictable,CardVisual_3_1,1.39,NA
2026-05-27 11:50:07.226,CARD_FLIP,4,C4_VisualOff_AudioPredictable,CardVisual_3_1,pair_3,SECOND
2026-05-27 11:50:08.232,MISMATCH,4,C4_VisualOff_AudioPredictable,CardVisual_0_3,CardVisual_3_1,NA
2026-05-27 11:50:08.303,THINKING_TIME,4,C4_VisualOff_AudioPredictable,CardVisual_0_2,1.08,NA
2026-05-27 11:50:08.306,RECHECK,4,C4_VisualOff_AudioPredictable,CardVisual_0_2,pair_1,4
2026-05-27 11:50:08.310,CARD_FLIP,4,C4_VisualOff_AudioPredictable,CardVisual_0_2,pair_1,FIRST
2026-05-27 11:50:09.505,THINKING_TIME,4,C4_VisualOff_AudioPredictable,CardVisual_2_2,1.20,NA
2026-05-27 11:50:09.508,RECHECK,4,C4_VisualOff_AudioPredictable,CardVisual_2_2,pair_3,5
2026-05-27 11:50:09.512,CARD_FLIP,4,C4_VisualOff_AudioPredictable,CardVisual_2_2,pair_3,SECOND
2026-05-27 11:50:10.515,MISMATCH,4,C4_VisualOff_AudioPredictable,CardVisual_0_2,CardVisual_2_2,NA
2026-05-27 11:50:10.668,THINKING_TIME,4,C4_VisualOff_AudioPredictable,CardVisual_3_1,1.16,NA
2026-05-27 11:50:10.672,RECHECK,4,C4_VisualOff_AudioPredictable,CardVisual_3_1,pair_3,6
2026-05-27 11:50:10.675,CARD_FLIP,4,C4_VisualOff_AudioPredictable,CardVisual_3_1,pair_3,FIRST
2026-05-27 11:50:11.219,THINKING_TIME,4,C4_VisualOff_AudioPredictable,CardVisual_2_2,0.55,NA
2026-05-27 11:50:11.223,RECHECK,4,C4_VisualOff_AudioPredictable,CardVisual_2_2,pair_3,7
2026-05-27 11:50:11.226,CARD_FLIP,4,C4_VisualOff_AudioPredictable,CardVisual_2_2,pair_3,SECOND
2026-05-27 11:50:12.236,MATCH,4,C4_VisualOff_AudioPredictable,CardVisual_3_1,CardVisual_2_2,NA
2026-05-27 11:50:12.276,THINKING_TIME,4,C4_VisualOff_AudioPredictable,CardVisual_2_1,1.06,NA
2026-05-27 11:50:12.279,CARD_FLIP,4,C4_VisualOff_AudioPredictable,CardVisual_2_1,pair_7,FIRST
2026-05-27 11:50:13.280,THINKING_TIME,4,C4_VisualOff_AudioPredictable,CardVisual_1_1,1.00,NA
2026-05-27 11:50:13.284,CARD_FLIP,4,C4_VisualOff_AudioPredictable,CardVisual_1_1,pair_2,SECOND
2026-05-27 11:50:14.298,MISMATCH,4,C4_VisualOff_AudioPredictable,CardVisual_2_1,CardVisual_1_1,NA
2026-05-27 11:50:14.556,THINKING_TIME,4,C4_VisualOff_AudioPredictable,CardVisual_0_1,1.28,NA
2026-05-27 11:50:14.559,CARD_FLIP,4,C4_VisualOff_AudioPredictable,CardVisual_0_1,pair_0,FIRST
2026-05-27 11:50:15.660,THINKING_TIME,4,C4_VisualOff_AudioPredictable,CardVisual_3_2,1.10,NA
2026-05-27 11:50:15.663,RECHECK,4,C4_VisualOff_AudioPredictable,CardVisual_3_2,pair_6,8
2026-05-27 11:50:15.667,CARD_FLIP,4,C4_VisualOff_AudioPredictable,CardVisual_3_2,pair_6,SECOND
2026-05-27 11:50:16.677,MISMATCH,4,C4_VisualOff_AudioPredictable,CardVisual_0_1,CardVisual_3_2,NA
2026-05-27 11:50:16.928,THINKING_TIME,4,C4_VisualOff_AudioPredictable,CardVisual_0_2,1.27,NA
2026-05-27 11:50:16.932,RECHECK,4,C4_VisualOff_AudioPredictable,CardVisual_0_2,pair_1,9
2026-05-27 11:50:16.935,CARD_FLIP,4,C4_VisualOff_AudioPredictable,CardVisual_0_2,pair_1,FIRST
2026-05-27 11:50:17.672,THINKING_TIME,4,C4_VisualOff_AudioPredictable,CardVisual_0_3,0.74,NA
2026-05-27 11:50:17.675,RECHECK,4,C4_VisualOff_AudioPredictable,CardVisual_0_3,pair_0,10
2026-05-27 11:50:17.680,CARD_FLIP,4,C4_VisualOff_AudioPredictable,CardVisual_0_3,pair_0,SECOND
2026-05-27 11:50:18.686,MISMATCH,4,C4_VisualOff_AudioPredictable,CardVisual_0_2,CardVisual_0_3,NA
2026-05-27 11:50:19.049,THINKING_TIME,4,C4_VisualOff_AudioPredictable,CardVisual_0_1,1.38,NA
2026-05-27 11:50:19.053,RECHECK,4,C4_VisualOff_AudioPredictable,CardVisual_0_1,pair_0,11
2026-05-27 11:50:19.056,CARD_FLIP,4,C4_VisualOff_AudioPredictable,CardVisual_0_1,pair_0,FIRST
2026-05-27 11:50:19.658,THINKING_TIME,4,C4_VisualOff_AudioPredictable,CardVisual_0_3,0.61,NA
2026-05-27 11:50:19.662,RECHECK,4,C4_VisualOff_AudioPredictable,CardVisual_0_3,pair_0,12
2026-05-27 11:50:19.665,CARD_FLIP,4,C4_VisualOff_AudioPredictable,CardVisual_0_3,pair_0,SECOND
2026-05-27 11:50:20.666,MATCH,4,C4_VisualOff_AudioPredictable,CardVisual_0_1,CardVisual_0_3,NA
2026-05-27 11:50:20.749,THINKING_TIME,4,C4_VisualOff_AudioPredictable,Card_0_0,1.09,NA
2026-05-27 11:50:20.753,CARD_FLIP,4,C4_VisualOff_AudioPredictable,Card_0_0,pair_6,FIRST
2026-05-27 11:50:22.353,THINKING_TIME,4,C4_VisualOff_AudioPredictable,CardVisual_1_1,1.60,NA
2026-05-27 11:50:22.357,RECHECK,4,C4_VisualOff_AudioPredictable,CardVisual_1_1,pair_2,13
2026-05-27 11:50:22.361,CARD_FLIP,4,C4_VisualOff_AudioPredictable,CardVisual_1_1,pair_2,SECOND
2026-05-27 11:50:23.368,MISMATCH,4,C4_VisualOff_AudioPredictable,Card_0_0,CardVisual_1_1,NA
2026-05-27 11:50:23.713,THINKING_TIME,4,C4_VisualOff_AudioPredictable,CardVisual_2_1,1.36,NA
2026-05-27 11:50:23.716,RECHECK,4,C4_VisualOff_AudioPredictable,CardVisual_2_1,pair_7,14
2026-05-27 11:50:23.720,CARD_FLIP,4,C4_VisualOff_AudioPredictable,CardVisual_2_1,pair_7,FIRST
2026-05-27 11:50:25.081,THINKING_TIME,4,C4_VisualOff_AudioPredictable,CardVisual_0_2,1.37,NA
2026-05-27 11:50:25.085,RECHECK,4,C4_VisualOff_AudioPredictable,CardVisual_0_2,pair_1,15
2026-05-27 11:50:25.089,CARD_FLIP,4,C4_VisualOff_AudioPredictable,CardVisual_0_2,pair_1,SECOND
2026-05-27 11:50:26.091,MISMATCH,4,C4_VisualOff_AudioPredictable,CardVisual_2_1,CardVisual_0_2,NA
2026-05-27 11:50:26.522,THINKING_TIME,4,C4_VisualOff_AudioPredictable,CardVisual_1_1,1.44,NA
2026-05-27 11:50:26.526,RECHECK,4,C4_VisualOff_AudioPredictable,CardVisual_1_1,pair_2,16
2026-05-27 11:50:26.529,CARD_FLIP,4,C4_VisualOff_AudioPredictable,CardVisual_1_1,pair_2,FIRST
2026-05-27 11:50:27.924,THINKING_TIME,4,C4_VisualOff_AudioPredictable,CardVisual_1_0,1.40,NA
2026-05-27 11:50:27.928,CARD_FLIP,4,C4_VisualOff_AudioPredictable,CardVisual_1_0,pair_1,SECOND
2026-05-27 11:50:28.942,MISMATCH,4,C4_VisualOff_AudioPredictable,CardVisual_1_1,CardVisual_1_0,NA
2026-05-27 11:50:29.305,THINKING_TIME,4,C4_VisualOff_AudioPredictable,CardVisual_0_2,1.38,NA
2026-05-27 11:50:29.309,RECHECK,4,C4_VisualOff_AudioPredictable,CardVisual_0_2,pair_1,17
2026-05-27 11:50:29.312,CARD_FLIP,4,C4_VisualOff_AudioPredictable,CardVisual_0_2,pair_1,FIRST
2026-05-27 11:50:30.320,THINKING_TIME,4,C4_VisualOff_AudioPredictable,CardVisual_1_0,1.02,NA
2026-05-27 11:50:30.323,RECHECK,4,C4_VisualOff_AudioPredictable,CardVisual_1_0,pair_1,18
2026-05-27 11:50:30.326,CARD_FLIP,4,C4_VisualOff_AudioPredictable,CardVisual_1_0,pair_1,SECOND
2026-05-27 11:50:31.334,MATCH,4,C4_VisualOff_AudioPredictable,CardVisual_0_2,CardVisual_1_0,NA
2026-05-27 11:50:31.637,THINKING_TIME,4,C4_VisualOff_AudioPredictable,CardVisual_2_0,1.32,NA
2026-05-27 11:50:31.641,CARD_FLIP,4,C4_VisualOff_AudioPredictable,CardVisual_2_0,pair_2,FIRST
2026-05-27 11:50:32.447,THINKING_TIME,4,C4_VisualOff_AudioPredictable,CardVisual_1_1,0.81,NA
2026-05-27 11:50:32.451,RECHECK,4,C4_VisualOff_AudioPredictable,CardVisual_1_1,pair_2,19
2026-05-27 11:50:32.454,CARD_FLIP,4,C4_VisualOff_AudioPredictable,CardVisual_1_1,pair_2,SECOND
2026-05-27 11:50:33.459,MATCH,4,C4_VisualOff_AudioPredictable,CardVisual_2_0,CardVisual_1_1,NA
2026-05-27 11:50:33.658,THINKING_TIME,4,C4_VisualOff_AudioPredictable,CardVisual_3_0,1.21,NA
2026-05-27 11:50:33.662,CARD_FLIP,4,C4_VisualOff_AudioPredictable,CardVisual_3_0,pair_7,FIRST
2026-05-27 11:50:34.398,THINKING_TIME,4,C4_VisualOff_AudioPredictable,CardVisual_2_1,0.74,NA
2026-05-27 11:50:34.402,RECHECK,4,C4_VisualOff_AudioPredictable,CardVisual_2_1,pair_7,20
2026-05-27 11:50:34.405,CARD_FLIP,4,C4_VisualOff_AudioPredictable,CardVisual_2_1,pair_7,SECOND
2026-05-27 11:50:35.408,MATCH,4,C4_VisualOff_AudioPredictable,CardVisual_3_0,CardVisual_2_1,NA
2026-05-27 11:50:35.587,THINKING_TIME,4,C4_VisualOff_AudioPredictable,Card_0_0,1.19,NA
2026-05-27 11:50:35.590,RECHECK,4,C4_VisualOff_AudioPredictable,Card_0_0,pair_6,21
2026-05-27 11:50:35.593,CARD_FLIP,4,C4_VisualOff_AudioPredictable,Card_0_0,pair_6,FIRST
2026-05-27 11:50:36.447,THINKING_TIME,4,C4_VisualOff_AudioPredictable,CardVisual_3_2,0.86,NA
2026-05-27 11:50:36.458,RECHECK,4,C4_VisualOff_AudioPredictable,CardVisual_3_2,pair_6,22
2026-05-27 11:50:36.461,CARD_FLIP,4,C4_VisualOff_AudioPredictable,CardVisual_3_2,pair_6,SECOND
2026-05-27 11:50:37.456,MATCH,4,C4_VisualOff_AudioPredictable,Card_0_0,CardVisual_3_2,NA
2026-05-27 11:50:37.459,ROUND_END,4,C4_VisualOff_AudioPredictable,ROUND,47.11,mismatches=11rechecks=22
2026-05-27 11:50:37.462,DISTRACTOR_OFF,4,C4_VisualOff_AudioPredictable,VisualDistractor,VISUAL,NA
2026-05-27 11:50:37.465,QUESTIONNAIRE_START,4,C4_VisualOff_AudioPredictable,POST_CONDITION_QUESTIONNAIRE,NA,NA
2026-05-27 11:51:48.425,QUESTIONNAIRE_ANSWER,4,C4_VisualOff_AudioPredictable,Q1,How much mental and perceptual activity was required (e.g. thinking," deciding, calculating, remembering, looking, searching, etc)? Was the task easy or demanding, simple or complex, exacting or forgiving?,57"
2026-05-27 11:51:48.428,QUESTIONNAIRE_ANSWER,4,C4_VisualOff_AudioPredictable,Q2,How much physical activity was required (e.g. pushing," pulling, turning, controlling, activating, etc)? Was the task easy or demanding, slow or brisk, slack or strenuous, restful or laborious?,10"
2026-05-27 11:51:48.432,QUESTIONNAIRE_ANSWER,4,C4_VisualOff_AudioPredictable,Q3,How much time pressure did you feel due to the rate of pace at which the tasks or task elements occurred? Was the pace slow and leisurely or rapid and frantic?,22
2026-05-27 11:51:48.435,QUESTIONNAIRE_ANSWER,4,C4_VisualOff_AudioPredictable,Q4,How successful do you think you were in accomplishing the goals of the task set by the experimenter (or yourself)? How satisfied were you with your performance in accomplishing these goals?,43
2026-05-27 11:51:48.438,QUESTIONNAIRE_ANSWER,4,C4_VisualOff_AudioPredictable,Q5,How hard did you have to work (mentally and physically) to accomplish your level of performance?,50
2026-05-27 11:51:48.441,QUESTIONNAIRE_ANSWER,4,C4_VisualOff_AudioPredictable,Q6,How insecure," discouraged, irritated, stressed and annoyed versus secure, gratified, content, relaxed and complacent did you feel during the task?,49"
2026-05-27 11:51:48.443,QUESTIONNAIRE_END,4,C4_VisualOff_AudioPredictable,POST_CONDITION_QUESTIONNAIRE,NA,NA
2026-05-27 11:51:48.446,DISTRACTOR_OFF,4,C4_VisualOff_AudioPredictable,VisualDistractor,VISUAL,NA
2026-05-27 11:51:53.771,DISTRACTOR_ON,4,C4_VisualOff_AudioPredictable,Visual_Left,VISUAL_PREDICTABLE,NA
2026-05-27 11:51:53.774,DISTRACTOR_ON,4,C4_VisualOff_AudioPredictable,PredictableAudioSource,AUDIO,NA
2026-05-27 11:51:53.780,ROUND_START,5,C5_VisualPredictable_AudioPredictable,ROUND,NA,NA
2026-05-27 11:51:53.783,DISTRACTOR_ON,5,C5_VisualPredictable_AudioPredictable,Visual_Left,VISUAL_PREDICTABLE,NA
2026-05-27 11:51:53.785,DISTRACTOR_ON,5,C5_VisualPredictable_AudioPredictable,PredictableAudioSource,AUDIO,NA
2026-05-27 11:51:57.045,THINKING_TIME,5,C5_VisualPredictable_AudioPredictable,CardVisual_2_2,80.60,NA
2026-05-27 11:51:57.048,CARD_FLIP,5,C5_VisualPredictable_AudioPredictable,CardVisual_2_2,pair_7,FIRST
2026-05-27 11:51:58.144,THINKING_TIME,5,C5_VisualPredictable_AudioPredictable,CardVisual_1_2,1.10,NA
2026-05-27 11:51:58.148,CARD_FLIP,5,C5_VisualPredictable_AudioPredictable,CardVisual_1_2,pair_4,SECOND
2026-05-27 11:51:59.160,MISMATCH,5,C5_VisualPredictable_AudioPredictable,CardVisual_2_2,CardVisual_1_2,NA
2026-05-27 11:51:59.283,THINKING_TIME,5,C5_VisualPredictable_AudioPredictable,CardVisual_1_1,1.14,NA
2026-05-27 11:51:59.286,CARD_FLIP,5,C5_VisualPredictable_AudioPredictable,CardVisual_1_1,pair_7,FIRST
2026-05-27 11:52:00.089,THINKING_TIME,5,C5_VisualPredictable_AudioPredictable,CardVisual_2_2,0.81,NA
2026-05-27 11:52:00.092,RECHECK,5,C5_VisualPredictable_AudioPredictable,CardVisual_2_2,pair_7,1
2026-05-27 11:52:00.096,CARD_FLIP,5,C5_VisualPredictable_AudioPredictable,CardVisual_2_2,pair_7,SECOND
2026-05-27 11:52:01.093,MATCH,5,C5_VisualPredictable_AudioPredictable,CardVisual_1_1,CardVisual_2_2,NA
2026-05-27 11:52:01.347,THINKING_TIME,5,C5_VisualPredictable_AudioPredictable,CardVisual_2_1,1.26,NA
2026-05-27 11:52:01.349,CARD_FLIP,5,C5_VisualPredictable_AudioPredictable,CardVisual_2_1,pair_2,FIRST
2026-05-27 11:52:02.324,THINKING_TIME,5,C5_VisualPredictable_AudioPredictable,CardVisual_3_1,0.98,NA
2026-05-27 11:52:02.327,CARD_FLIP,5,C5_VisualPredictable_AudioPredictable,CardVisual_3_1,pair_2,SECOND
2026-05-27 11:52:03.339,MATCH,5,C5_VisualPredictable_AudioPredictable,CardVisual_2_1,CardVisual_3_1,NA
2026-05-27 11:52:03.981,THINKING_TIME,5,C5_VisualPredictable_AudioPredictable,CardVisual_3_2,1.66,NA
2026-05-27 11:52:03.985,CARD_FLIP,5,C5_VisualPredictable_AudioPredictable,CardVisual_3_2,pair_6,FIRST
2026-05-27 11:52:05.224,THINKING_TIME,5,C5_VisualPredictable_AudioPredictable,CardVisual_3_3,1.24,NA
2026-05-27 11:52:05.227,CARD_FLIP,5,C5_VisualPredictable_AudioPredictable,CardVisual_3_3,pair_5,SECOND
2026-05-27 11:52:06.239,MISMATCH,5,C5_VisualPredictable_AudioPredictable,CardVisual_3_2,CardVisual_3_3,NA
2026-05-27 11:52:06.723,THINKING_TIME,5,C5_VisualPredictable_AudioPredictable,CardVisual_1_2,1.50,NA
2026-05-27 11:52:06.726,RECHECK,5,C5_VisualPredictable_AudioPredictable,CardVisual_1_2,pair_4,2
2026-05-27 11:52:06.729,CARD_FLIP,5,C5_VisualPredictable_AudioPredictable,CardVisual_1_2,pair_4,FIRST
2026-05-27 11:52:07.755,THINKING_TIME,5,C5_VisualPredictable_AudioPredictable,CardVisual_2_3,1.03,NA
2026-05-27 11:52:07.758,CARD_FLIP,5,C5_VisualPredictable_AudioPredictable,CardVisual_2_3,pair_3,SECOND
2026-05-27 11:52:08.760,MISMATCH,5,C5_VisualPredictable_AudioPredictable,CardVisual_1_2,CardVisual_2_3,NA
2026-05-27 11:52:09.092,THINKING_TIME,5,C5_VisualPredictable_AudioPredictable,CardVisual_1_3,1.34,NA
2026-05-27 11:52:09.095,CARD_FLIP,5,C5_VisualPredictable_AudioPredictable,CardVisual_1_3,pair_4,FIRST
2026-05-27 11:52:09.871,THINKING_TIME,5,C5_VisualPredictable_AudioPredictable,CardVisual_1_2,0.78,NA
2026-05-27 11:52:09.875,RECHECK,5,C5_VisualPredictable_AudioPredictable,CardVisual_1_2,pair_4,3
2026-05-27 11:52:09.878,CARD_FLIP,5,C5_VisualPredictable_AudioPredictable,CardVisual_1_2,pair_4,SECOND
2026-05-27 11:52:10.881,MATCH,5,C5_VisualPredictable_AudioPredictable,CardVisual_1_3,CardVisual_1_2,NA
2026-05-27 11:52:11.099,THINKING_TIME,5,C5_VisualPredictable_AudioPredictable,CardVisual_0_3,1.23,NA
2026-05-27 11:52:11.102,CARD_FLIP,5,C5_VisualPredictable_AudioPredictable,CardVisual_0_3,pair_3,FIRST
2026-05-27 11:52:11.858,THINKING_TIME,5,C5_VisualPredictable_AudioPredictable,CardVisual_2_3,0.76,NA
2026-05-27 11:52:11.861,RECHECK,5,C5_VisualPredictable_AudioPredictable,CardVisual_2_3,pair_3,4
2026-05-27 11:52:11.864,CARD_FLIP,5,C5_VisualPredictable_AudioPredictable,CardVisual_2_3,pair_3,SECOND
2026-05-27 11:52:12.865,MATCH,5,C5_VisualPredictable_AudioPredictable,CardVisual_0_3,CardVisual_2_3,NA
2026-05-27 11:52:12.996,THINKING_TIME,5,C5_VisualPredictable_AudioPredictable,CardVisual_0_2,1.14,NA
2026-05-27 11:52:12.999,CARD_FLIP,5,C5_VisualPredictable_AudioPredictable,CardVisual_0_2,pair_1,FIRST
2026-05-27 11:52:13.973,THINKING_TIME,5,C5_VisualPredictable_AudioPredictable,CardVisual_3_3,0.98,NA
2026-05-27 11:52:13.976,RECHECK,5,C5_VisualPredictable_AudioPredictable,CardVisual_3_3,pair_5,5
2026-05-27 11:52:13.979,CARD_FLIP,5,C5_VisualPredictable_AudioPredictable,CardVisual_3_3,pair_5,SECOND
2026-05-27 11:52:14.984,MISMATCH,5,C5_VisualPredictable_AudioPredictable,CardVisual_0_2,CardVisual_3_3,NA
2026-05-27 11:52:15.452,THINKING_TIME,5,C5_VisualPredictable_AudioPredictable,CardVisual_0_1,1.48,NA
2026-05-27 11:52:15.455,CARD_FLIP,5,C5_VisualPredictable_AudioPredictable,CardVisual_0_1,pair_5,FIRST
2026-05-27 11:52:16.526,THINKING_TIME,5,C5_VisualPredictable_AudioPredictable,CardVisual_3_3,1.07,NA
2026-05-27 11:52:16.529,RECHECK,5,C5_VisualPredictable_AudioPredictable,CardVisual_3_3,pair_5,6
2026-05-27 11:52:16.532,CARD_FLIP,5,C5_VisualPredictable_AudioPredictable,CardVisual_3_3,pair_5,SECOND
2026-05-27 11:52:17.536,MATCH,5,C5_VisualPredictable_AudioPredictable,CardVisual_0_1,CardVisual_3_3,NA
2026-05-27 11:52:17.564,THINKING_TIME,5,C5_VisualPredictable_AudioPredictable,CardVisual_2_0,1.04,NA
2026-05-27 11:52:17.567,CARD_FLIP,5,C5_VisualPredictable_AudioPredictable,CardVisual_2_0,pair_0,FIRST
2026-05-27 11:52:18.578,THINKING_TIME,5,C5_VisualPredictable_AudioPredictable,CardVisual_1_0,1.01,NA
2026-05-27 11:52:18.581,CARD_FLIP,5,C5_VisualPredictable_AudioPredictable,CardVisual_1_0,pair_0,SECOND
2026-05-27 11:52:19.586,MATCH,5,C5_VisualPredictable_AudioPredictable,CardVisual_2_0,CardVisual_1_0,NA
2026-05-27 11:52:19.882,THINKING_TIME,5,C5_VisualPredictable_AudioPredictable,Card_0_0,1.30,NA
2026-05-27 11:52:19.885,CARD_FLIP,5,C5_VisualPredictable_AudioPredictable,Card_0_0,pair_6,FIRST
2026-05-27 11:52:20.748,THINKING_TIME,5,C5_VisualPredictable_AudioPredictable,CardVisual_0_2,0.87,NA
2026-05-27 11:52:20.751,RECHECK,5,C5_VisualPredictable_AudioPredictable,CardVisual_0_2,pair_1,7
2026-05-27 11:52:20.754,CARD_FLIP,5,C5_VisualPredictable_AudioPredictable,CardVisual_0_2,pair_1,SECOND
2026-05-27 11:52:21.762,MISMATCH,5,C5_VisualPredictable_AudioPredictable,Card_0_0,CardVisual_0_2,NA
2026-05-27 11:52:21.803,THINKING_TIME,5,C5_VisualPredictable_AudioPredictable,CardVisual_3_2,1.06,NA
2026-05-27 11:52:21.806,RECHECK,5,C5_VisualPredictable_AudioPredictable,CardVisual_3_2,pair_6,8
2026-05-27 11:52:21.809,CARD_FLIP,5,C5_VisualPredictable_AudioPredictable,CardVisual_3_2,pair_6,FIRST
2026-05-27 11:52:22.632,THINKING_TIME,5,C5_VisualPredictable_AudioPredictable,Card_0_0,0.83,NA
2026-05-27 11:52:22.635,RECHECK,5,C5_VisualPredictable_AudioPredictable,Card_0_0,pair_6,9
2026-05-27 11:52:22.638,CARD_FLIP,5,C5_VisualPredictable_AudioPredictable,Card_0_0,pair_6,SECOND
2026-05-27 11:52:23.651,MATCH,5,C5_VisualPredictable_AudioPredictable,CardVisual_3_2,Card_0_0,NA
2026-05-27 11:52:23.992,THINKING_TIME,5,C5_VisualPredictable_AudioPredictable,CardVisual_0_2,1.36,NA
2026-05-27 11:52:23.995,RECHECK,5,C5_VisualPredictable_AudioPredictable,CardVisual_0_2,pair_1,10
2026-05-27 11:52:23.998,CARD_FLIP,5,C5_VisualPredictable_AudioPredictable,CardVisual_0_2,pair_1,FIRST
2026-05-27 11:52:24.817,THINKING_TIME,5,C5_VisualPredictable_AudioPredictable,CardVisual_3_0,0.83,NA
2026-05-27 11:52:24.820,CARD_FLIP,5,C5_VisualPredictable_AudioPredictable,CardVisual_3_0,pair_1,SECOND
2026-05-27 11:52:25.831,MATCH,5,C5_VisualPredictable_AudioPredictable,CardVisual_0_2,CardVisual_3_0,NA
2026-05-27 11:52:25.834,ROUND_END,5,C5_VisualPredictable_AudioPredictable,ROUND,32.05,mismatches=5rechecks=10
2026-05-27 11:52:25.839,DISTRACTOR_OFF,5,C5_VisualPredictable_AudioPredictable,VisualDistractor,VISUAL,NA
2026-05-27 11:52:25.842,QUESTIONNAIRE_START,5,C5_VisualPredictable_AudioPredictable,POST_CONDITION_QUESTIONNAIRE,NA,NA
2026-05-27 11:53:04.575,QUESTIONNAIRE_ANSWER,5,C5_VisualPredictable_AudioPredictable,Q1,How much mental and perceptual activity was required (e.g. thinking," deciding, calculating, remembering, looking, searching, etc)? Was the task easy or demanding, simple or complex, exacting or forgiving?,25"
2026-05-27 11:53:04.577,QUESTIONNAIRE_ANSWER,5,C5_VisualPredictable_AudioPredictable,Q2,How much physical activity was required (e.g. pushing," pulling, turning, controlling, activating, etc)? Was the task easy or demanding, slow or brisk, slack or strenuous, restful or laborious?,10"
2026-05-27 11:53:04.580,QUESTIONNAIRE_ANSWER,5,C5_VisualPredictable_AudioPredictable,Q3,How much time pressure did you feel due to the rate of pace at which the tasks or task elements occurred? Was the pace slow and leisurely or rapid and frantic?,22
2026-05-27 11:53:04.582,QUESTIONNAIRE_ANSWER,5,C5_VisualPredictable_AudioPredictable,Q4,How successful do you think you were in accomplishing the goals of the task set by the experimenter (or yourself)? How satisfied were you with your performance in accomplishing these goals?,22
2026-05-27 11:53:04.585,QUESTIONNAIRE_ANSWER,5,C5_VisualPredictable_AudioPredictable,Q5,How hard did you have to work (mentally and physically) to accomplish your level of performance?,50
2026-05-27 11:53:04.587,QUESTIONNAIRE_ANSWER,5,C5_VisualPredictable_AudioPredictable,Q6,How insecure," discouraged, irritated, stressed and annoyed versus secure, gratified, content, relaxed and complacent did you feel during the task?,51"
2026-05-27 11:53:04.589,QUESTIONNAIRE_END,5,C5_VisualPredictable_AudioPredictable,POST_CONDITION_QUESTIONNAIRE,NA,NA
2026-05-27 11:53:04.592,DISTRACTOR_OFF,5,C5_VisualPredictable_AudioPredictable,VisualDistractor,VISUAL,NA
2026-05-27 11:53:07.916,DISTRACTOR_ON,5,C5_VisualPredictable_AudioPredictable,Visual_Right,VISUAL_UNPREDICTABLE,NA
2026-05-27 11:53:07.919,DISTRACTOR_ON,5,C5_VisualPredictable_AudioPredictable,PredictableAudioSource,AUDIO,NA
2026-05-27 11:53:07.924,ROUND_START,6,C6_VisualUnpredictable_AudioPredictable,ROUND,NA,NA
2026-05-27 11:53:07.926,DISTRACTOR_ON,6,C6_VisualUnpredictable_AudioPredictable,Visual_UpperLeft,VISUAL_UNPREDICTABLE,NA
2026-05-27 11:53:07.928,DISTRACTOR_ON,6,C6_VisualUnpredictable_AudioPredictable,PredictableAudioSource,AUDIO,NA
2026-05-27 11:53:09.446,THINKING_TIME,6,C6_VisualUnpredictable_AudioPredictable,CardVisual_3_2,44.63,NA
2026-05-27 11:53:09.449,CARD_FLIP,6,C6_VisualUnpredictable_AudioPredictable,CardVisual_3_2,pair_0,FIRST
2026-05-27 11:53:10.450,THINKING_TIME,6,C6_VisualUnpredictable_AudioPredictable,CardVisual_2_2,1.00,NA
2026-05-27 11:53:10.453,CARD_FLIP,6,C6_VisualUnpredictable_AudioPredictable,CardVisual_2_2,pair_6,SECOND
2026-05-27 11:53:11.464,MISMATCH,6,C6_VisualUnpredictable_AudioPredictable,CardVisual_3_2,CardVisual_2_2,NA
2026-05-27 11:53:11.527,THINKING_TIME,6,C6_VisualUnpredictable_AudioPredictable,CardVisual_1_2,1.08,NA
2026-05-27 11:53:11.530,CARD_FLIP,6,C6_VisualUnpredictable_AudioPredictable,CardVisual_1_2,pair_5,FIRST
2026-05-27 11:53:12.493,THINKING_TIME,6,C6_VisualUnpredictable_AudioPredictable,CardVisual_0_2,0.97,NA
2026-05-27 11:53:12.497,CARD_FLIP,6,C6_VisualUnpredictable_AudioPredictable,CardVisual_0_2,pair_1,SECOND
2026-05-27 11:53:13.507,MISMATCH,6,C6_VisualUnpredictable_AudioPredictable,CardVisual_1_2,CardVisual_0_2,NA
2026-05-27 11:53:13.642,THINKING_TIME,6,C6_VisualUnpredictable_AudioPredictable,CardVisual_0_3,1.15,NA
2026-05-27 11:53:13.646,CARD_FLIP,6,C6_VisualUnpredictable_AudioPredictable,CardVisual_0_3,pair_7,FIRST
2026-05-27 11:53:14.691,THINKING_TIME,6,C6_VisualUnpredictable_AudioPredictable,CardVisual_1_3,1.05,NA
2026-05-27 11:53:14.694,CARD_FLIP,6,C6_VisualUnpredictable_AudioPredictable,CardVisual_1_3,pair_7,SECOND
2026-05-27 11:53:15.707,MATCH,6,C6_VisualUnpredictable_AudioPredictable,CardVisual_0_3,CardVisual_1_3,NA
2026-05-27 11:53:16.072,THINKING_TIME,6,C6_VisualUnpredictable_AudioPredictable,CardVisual_2_3,1.38,NA
2026-05-27 11:53:16.076,CARD_FLIP,6,C6_VisualUnpredictable_AudioPredictable,CardVisual_2_3,pair_4,FIRST
2026-05-27 11:53:16.957,THINKING_TIME,6,C6_VisualUnpredictable_AudioPredictable,CardVisual_3_2,0.88,NA
2026-05-27 11:53:16.960,RECHECK,6,C6_VisualUnpredictable_AudioPredictable,CardVisual_3_2,pair_0,1
2026-05-27 11:53:16.962,CARD_FLIP,6,C6_VisualUnpredictable_AudioPredictable,CardVisual_3_2,pair_0,SECOND
2026-05-27 11:53:17.969,MISMATCH,6,C6_VisualUnpredictable_AudioPredictable,CardVisual_2_3,CardVisual_3_2,NA
2026-05-27 11:53:18.028,THINKING_TIME,6,C6_VisualUnpredictable_AudioPredictable,CardVisual_2_2,1.07,NA
2026-05-27 11:53:18.031,RECHECK,6,C6_VisualUnpredictable_AudioPredictable,CardVisual_2_2,pair_6,2
2026-05-27 11:53:18.034,CARD_FLIP,6,C6_VisualUnpredictable_AudioPredictable,CardVisual_2_2,pair_6,FIRST
2026-05-27 11:53:19.437,THINKING_TIME,6,C6_VisualUnpredictable_AudioPredictable,CardVisual_3_3,1.41,NA
2026-05-27 11:53:19.440,CARD_FLIP,6,C6_VisualUnpredictable_AudioPredictable,CardVisual_3_3,pair_2,SECOND
2026-05-27 11:53:20.449,MISMATCH,6,C6_VisualUnpredictable_AudioPredictable,CardVisual_2_2,CardVisual_3_3,NA
2026-05-27 11:53:20.712,THINKING_TIME,6,C6_VisualUnpredictable_AudioPredictable,CardVisual_3_1,1.28,NA
2026-05-27 11:53:20.714,CARD_FLIP,6,C6_VisualUnpredictable_AudioPredictable,CardVisual_3_1,pair_2,FIRST
2026-05-27 11:53:21.776,THINKING_TIME,6,C6_VisualUnpredictable_AudioPredictable,CardVisual_3_3,1.06,NA
2026-05-27 11:53:21.779,RECHECK,6,C6_VisualUnpredictable_AudioPredictable,CardVisual_3_3,pair_2,3
2026-05-27 11:53:21.782,CARD_FLIP,6,C6_VisualUnpredictable_AudioPredictable,CardVisual_3_3,pair_2,SECOND
2026-05-27 11:53:22.781,MATCH,6,C6_VisualUnpredictable_AudioPredictable,CardVisual_3_1,CardVisual_3_3,NA
2026-05-27 11:53:23.067,THINKING_TIME,6,C6_VisualUnpredictable_AudioPredictable,CardVisual_2_1,1.29,NA
2026-05-27 11:53:23.070,CARD_FLIP,6,C6_VisualUnpredictable_AudioPredictable,CardVisual_2_1,pair_4,FIRST
2026-05-27 11:53:24.413,THINKING_TIME,6,C6_VisualUnpredictable_AudioPredictable,CardVisual_2_3,1.35,NA
2026-05-27 11:53:24.416,RECHECK,6,C6_VisualUnpredictable_AudioPredictable,CardVisual_2_3,pair_4,4
2026-05-27 11:53:24.419,CARD_FLIP,6,C6_VisualUnpredictable_AudioPredictable,CardVisual_2_3,pair_4,SECOND
2026-05-27 11:53:25.431,MATCH,6,C6_VisualUnpredictable_AudioPredictable,CardVisual_2_1,CardVisual_2_3,NA
2026-05-27 11:53:25.849,THINKING_TIME,6,C6_VisualUnpredictable_AudioPredictable,CardVisual_1_1,1.44,NA
2026-05-27 11:53:25.852,CARD_FLIP,6,C6_VisualUnpredictable_AudioPredictable,CardVisual_1_1,pair_0,FIRST
2026-05-27 11:53:27.459,THINKING_TIME,6,C6_VisualUnpredictable_AudioPredictable,CardVisual_3_2,1.61,NA
2026-05-27 11:53:27.463,RECHECK,6,C6_VisualUnpredictable_AudioPredictable,CardVisual_3_2,pair_0,5
2026-05-27 11:53:27.466,CARD_FLIP,6,C6_VisualUnpredictable_AudioPredictable,CardVisual_3_2,pair_0,SECOND
2026-05-27 11:53:28.468,MATCH,6,C6_VisualUnpredictable_AudioPredictable,CardVisual_1_1,CardVisual_3_2,NA
2026-05-27 11:53:28.801,THINKING_TIME,6,C6_VisualUnpredictable_AudioPredictable,CardVisual_0_1,1.34,NA
2026-05-27 11:53:28.805,CARD_FLIP,6,C6_VisualUnpredictable_AudioPredictable,CardVisual_0_1,pair_5,FIRST
2026-05-27 11:53:29.787,THINKING_TIME,6,C6_VisualUnpredictable_AudioPredictable,CardVisual_1_2,0.99,NA
2026-05-27 11:53:29.790,RECHECK,6,C6_VisualUnpredictable_AudioPredictable,CardVisual_1_2,pair_5,6
2026-05-27 11:53:29.793,CARD_FLIP,6,C6_VisualUnpredictable_AudioPredictable,CardVisual_1_2,pair_5,SECOND
2026-05-27 11:53:30.800,MATCH,6,C6_VisualUnpredictable_AudioPredictable,CardVisual_0_1,CardVisual_1_2,NA
2026-05-27 11:53:31.145,THINKING_TIME,6,C6_VisualUnpredictable_AudioPredictable,Card_0_0,1.36,NA
2026-05-27 11:53:31.149,CARD_FLIP,6,C6_VisualUnpredictable_AudioPredictable,Card_0_0,pair_3,FIRST
2026-05-27 11:53:32.242,THINKING_TIME,6,C6_VisualUnpredictable_AudioPredictable,CardVisual_0_2,1.10,NA
2026-05-27 11:53:32.245,RECHECK,6,C6_VisualUnpredictable_AudioPredictable,CardVisual_0_2,pair_1,7
2026-05-27 11:53:32.248,CARD_FLIP,6,C6_VisualUnpredictable_AudioPredictable,CardVisual_0_2,pair_1,SECOND
2026-05-27 11:53:33.260,MISMATCH,6,C6_VisualUnpredictable_AudioPredictable,Card_0_0,CardVisual_0_2,NA
2026-05-27 11:53:33.607,THINKING_TIME,6,C6_VisualUnpredictable_AudioPredictable,CardVisual_1_0,1.36,NA
2026-05-27 11:53:33.610,CARD_FLIP,6,C6_VisualUnpredictable_AudioPredictable,CardVisual_1_0,pair_6,FIRST
2026-05-27 11:53:34.613,THINKING_TIME,6,C6_VisualUnpredictable_AudioPredictable,CardVisual_2_2,1.01,NA
2026-05-27 11:53:34.616,RECHECK,6,C6_VisualUnpredictable_AudioPredictable,CardVisual_2_2,pair_6,8
2026-05-27 11:53:34.619,CARD_FLIP,6,C6_VisualUnpredictable_AudioPredictable,CardVisual_2_2,pair_6,SECOND
2026-05-27 11:53:35.621,MATCH,6,C6_VisualUnpredictable_AudioPredictable,CardVisual_1_0,CardVisual_2_2,NA
2026-05-27 11:53:35.948,THINKING_TIME,6,C6_VisualUnpredictable_AudioPredictable,CardVisual_2_0,1.34,NA
2026-05-27 11:53:35.952,CARD_FLIP,6,C6_VisualUnpredictable_AudioPredictable,CardVisual_2_0,pair_1,FIRST
2026-05-27 11:53:36.736,THINKING_TIME,6,C6_VisualUnpredictable_AudioPredictable,CardVisual_0_2,0.79,NA
2026-05-27 11:53:36.739,RECHECK,6,C6_VisualUnpredictable_AudioPredictable,CardVisual_0_2,pair_1,9
2026-05-27 11:53:36.741,CARD_FLIP,6,C6_VisualUnpredictable_AudioPredictable,CardVisual_0_2,pair_1,SECOND
2026-05-27 11:53:37.749,MATCH,6,C6_VisualUnpredictable_AudioPredictable,CardVisual_2_0,CardVisual_0_2,NA
2026-05-27 11:53:37.878,THINKING_TIME,6,C6_VisualUnpredictable_AudioPredictable,Card_0_0,1.14,NA
2026-05-27 11:53:37.881,RECHECK,6,C6_VisualUnpredictable_AudioPredictable,Card_0_0,pair_3,10
2026-05-27 11:53:37.884,CARD_FLIP,6,C6_VisualUnpredictable_AudioPredictable,Card_0_0,pair_3,FIRST
2026-05-27 11:53:38.699,THINKING_TIME,6,C6_VisualUnpredictable_AudioPredictable,CardVisual_3_0,0.82,NA
2026-05-27 11:53:38.703,CARD_FLIP,6,C6_VisualUnpredictable_AudioPredictable,CardVisual_3_0,pair_3,SECOND
2026-05-27 11:53:39.707,MATCH,6,C6_VisualUnpredictable_AudioPredictable,Card_0_0,CardVisual_3_0,NA
2026-05-27 11:53:39.710,ROUND_END,6,C6_VisualUnpredictable_AudioPredictable,ROUND,31.79,mismatches=5rechecks=10
2026-05-27 11:53:39.712,DISTRACTOR_OFF,6,C6_VisualUnpredictable_AudioPredictable,VisualDistractor,VISUAL,NA
2026-05-27 11:53:39.715,QUESTIONNAIRE_START,6,C6_VisualUnpredictable_AudioPredictable,POST_CONDITION_QUESTIONNAIRE,NA,NA
2026-05-27 11:54:26.540,QUESTIONNAIRE_ANSWER,6,C6_VisualUnpredictable_AudioPredictable,Q1,How much mental and perceptual activity was required (e.g. thinking," deciding, calculating, remembering, looking, searching, etc)? Was the task easy or demanding, simple or complex, exacting or forgiving?,20"
2026-05-27 11:54:26.543,QUESTIONNAIRE_ANSWER,6,C6_VisualUnpredictable_AudioPredictable,Q2,How much physical activity was required (e.g. pushing," pulling, turning, controlling, activating, etc)? Was the task easy or demanding, slow or brisk, slack or strenuous, restful or laborious?,11"
2026-05-27 11:54:26.545,QUESTIONNAIRE_ANSWER,6,C6_VisualUnpredictable_AudioPredictable,Q3,How much time pressure did you feel due to the rate of pace at which the tasks or task elements occurred? Was the pace slow and leisurely or rapid and frantic?,23
2026-05-27 11:54:26.548,QUESTIONNAIRE_ANSWER,6,C6_VisualUnpredictable_AudioPredictable,Q4,How successful do you think you were in accomplishing the goals of the task set by the experimenter (or yourself)? How satisfied were you with your performance in accomplishing these goals?,52
2026-05-27 11:54:26.550,QUESTIONNAIRE_ANSWER,6,C6_VisualUnpredictable_AudioPredictable,Q5,How hard did you have to work (mentally and physically) to accomplish your level of performance?,50
2026-05-27 11:54:26.553,QUESTIONNAIRE_ANSWER,6,C6_VisualUnpredictable_AudioPredictable,Q6,How insecure," discouraged, irritated, stressed and annoyed versus secure, gratified, content, relaxed and complacent did you feel during the task?,52"
2026-05-27 11:54:26.555,QUESTIONNAIRE_END,6,C6_VisualUnpredictable_AudioPredictable,POST_CONDITION_QUESTIONNAIRE,NA,NA
2026-05-27 11:54:26.558,DISTRACTOR_OFF,6,C6_VisualUnpredictable_AudioPredictable,VisualDistractor,VISUAL,NA
2026-05-27 11:54:26.566,DISTRACTOR_OFF,6,C6_VisualUnpredictable_AudioPredictable,VisualDistractor,VISUAL,NA
2026-05-27 11:54:36.611,DISTRACTOR_OFF,6,C6_VisualUnpredictable_AudioPredictable,VisualDistractor,VISUAL,NA
2026-05-27 11:54:36.615,DISTRACTOR_ON,6,C6_VisualUnpredictable_AudioPredictable,UnpredictableOrbitAudioSource,AUDIO,NA
2026-05-27 11:54:36.620,ROUND_START,7,C7_VisualOff_AudioUnpredictable,ROUND,NA,NA
2026-05-27 11:54:36.622,DISTRACTOR_OFF,7,C7_VisualOff_AudioUnpredictable,VisualDistractor,VISUAL,NA
2026-05-27 11:54:36.624,DISTRACTOR_OFF,7,C7_VisualOff_AudioUnpredictable,UnpredictableOrbitAudioSource,AUDIO,NA
2026-05-27 11:54:36.626,DISTRACTOR_ON,7,C7_VisualOff_AudioUnpredictable,UnpredictableOrbitAudioSource,AUDIO,NA
2026-05-27 11:54:40.476,THINKING_TIME,7,C7_VisualOff_AudioUnpredictable,CardVisual_3_2,61.78,NA
2026-05-27 11:54:40.479,CARD_FLIP,7,C7_VisualOff_AudioUnpredictable,CardVisual_3_2,pair_6,FIRST
2026-05-27 11:54:41.188,THINKING_TIME,7,C7_VisualOff_AudioUnpredictable,CardVisual_3_1,0.71,NA
2026-05-27 11:54:41.191,CARD_FLIP,7,C7_VisualOff_AudioUnpredictable,CardVisual_3_1,pair_3,SECOND
2026-05-27 11:54:42.198,MISMATCH,7,C7_VisualOff_AudioUnpredictable,CardVisual_3_2,CardVisual_3_1,NA
2026-05-27 11:54:42.330,THINKING_TIME,7,C7_VisualOff_AudioUnpredictable,CardVisual_3_0,1.14,NA
2026-05-27 11:54:42.333,CARD_FLIP,7,C7_VisualOff_AudioUnpredictable,CardVisual_3_0,pair_4,FIRST
2026-05-27 11:54:43.635,THINKING_TIME,7,C7_VisualOff_AudioUnpredictable,CardVisual_3_3,1.30,NA
2026-05-27 11:54:43.638,CARD_FLIP,7,C7_VisualOff_AudioUnpredictable,CardVisual_3_3,pair_3,SECOND
2026-05-27 11:54:44.652,MISMATCH,7,C7_VisualOff_AudioUnpredictable,CardVisual_3_0,CardVisual_3_3,NA
2026-05-27 11:54:44.758,THINKING_TIME,7,C7_VisualOff_AudioUnpredictable,CardVisual_3_1,1.12,NA
2026-05-27 11:54:44.761,RECHECK,7,C7_VisualOff_AudioUnpredictable,CardVisual_3_1,pair_3,1
2026-05-27 11:54:44.764,CARD_FLIP,7,C7_VisualOff_AudioUnpredictable,CardVisual_3_1,pair_3,FIRST
2026-05-27 11:54:45.446,THINKING_TIME,7,C7_VisualOff_AudioUnpredictable,CardVisual_3_3,0.69,NA
2026-05-27 11:54:45.449,RECHECK,7,C7_VisualOff_AudioUnpredictable,CardVisual_3_3,pair_3,2
2026-05-27 11:54:45.452,CARD_FLIP,7,C7_VisualOff_AudioUnpredictable,CardVisual_3_3,pair_3,SECOND
2026-05-27 11:54:46.452,MATCH,7,C7_VisualOff_AudioUnpredictable,CardVisual_3_1,CardVisual_3_3,NA
2026-05-27 11:54:46.733,THINKING_TIME,7,C7_VisualOff_AudioUnpredictable,CardVisual_2_3,1.29,NA
2026-05-27 11:54:46.736,CARD_FLIP,7,C7_VisualOff_AudioUnpredictable,CardVisual_2_3,pair_2,FIRST
2026-05-27 11:54:47.583,THINKING_TIME,7,C7_VisualOff_AudioUnpredictable,CardVisual_1_3,0.85,NA
2026-05-27 11:54:47.587,CARD_FLIP,7,C7_VisualOff_AudioUnpredictable,CardVisual_1_3,pair_7,SECOND
2026-05-27 11:54:48.590,MISMATCH,7,C7_VisualOff_AudioUnpredictable,CardVisual_2_3,CardVisual_1_3,NA
2026-05-27 11:54:48.727,THINKING_TIME,7,C7_VisualOff_AudioUnpredictable,CardVisual_0_3,1.14,NA
2026-05-27 11:54:48.730,CARD_FLIP,7,C7_VisualOff_AudioUnpredictable,CardVisual_0_3,pair_5,FIRST
2026-05-27 11:54:49.759,THINKING_TIME,7,C7_VisualOff_AudioUnpredictable,CardVisual_0_2,1.03,NA
2026-05-27 11:54:49.763,CARD_FLIP,7,C7_VisualOff_AudioUnpredictable,CardVisual_0_2,pair_1,SECOND
2026-05-27 11:54:50.777,MISMATCH,7,C7_VisualOff_AudioUnpredictable,CardVisual_0_3,CardVisual_0_2,NA
2026-05-27 11:54:51.123,THINKING_TIME,7,C7_VisualOff_AudioUnpredictable,CardVisual_3_2,1.36,NA
2026-05-27 11:54:51.127,RECHECK,7,C7_VisualOff_AudioUnpredictable,CardVisual_3_2,pair_6,3
2026-05-27 11:54:51.131,CARD_FLIP,7,C7_VisualOff_AudioUnpredictable,CardVisual_3_2,pair_6,FIRST
2026-05-27 11:54:52.214,THINKING_TIME,7,C7_VisualOff_AudioUnpredictable,CardVisual_2_1,1.09,NA
2026-05-27 11:54:52.217,CARD_FLIP,7,C7_VisualOff_AudioUnpredictable,CardVisual_2_1,pair_0,SECOND
2026-05-27 11:54:53.230,MISMATCH,7,C7_VisualOff_AudioUnpredictable,CardVisual_3_2,CardVisual_2_1,NA
2026-05-27 11:54:53.393,THINKING_TIME,7,C7_VisualOff_AudioUnpredictable,CardVisual_1_1,1.18,NA
2026-05-27 11:54:53.396,CARD_FLIP,7,C7_VisualOff_AudioUnpredictable,CardVisual_1_1,pair_7,FIRST
2026-05-27 11:54:54.467,THINKING_TIME,7,C7_VisualOff_AudioUnpredictable,CardVisual_0_3,1.07,NA
2026-05-27 11:54:54.470,RECHECK,7,C7_VisualOff_AudioUnpredictable,CardVisual_0_3,pair_5,4
2026-05-27 11:54:54.473,CARD_FLIP,7,C7_VisualOff_AudioUnpredictable,CardVisual_0_3,pair_5,SECOND
2026-05-27 11:54:55.483,MISMATCH,7,C7_VisualOff_AudioUnpredictable,CardVisual_1_1,CardVisual_0_3,NA
2026-05-27 11:54:55.541,THINKING_TIME,7,C7_VisualOff_AudioUnpredictable,CardVisual_1_3,1.07,NA
2026-05-27 11:54:55.544,RECHECK,7,C7_VisualOff_AudioUnpredictable,CardVisual_1_3,pair_7,5
2026-05-27 11:54:55.547,CARD_FLIP,7,C7_VisualOff_AudioUnpredictable,CardVisual_1_3,pair_7,FIRST
2026-05-27 11:54:56.267,THINKING_TIME,7,C7_VisualOff_AudioUnpredictable,CardVisual_1_1,0.73,NA
2026-05-27 11:54:56.270,RECHECK,7,C7_VisualOff_AudioUnpredictable,CardVisual_1_1,pair_7,6
2026-05-27 11:54:56.273,CARD_FLIP,7,C7_VisualOff_AudioUnpredictable,CardVisual_1_1,pair_7,SECOND
2026-05-27 11:54:57.284,MATCH,7,C7_VisualOff_AudioUnpredictable,CardVisual_1_3,CardVisual_1_1,NA
2026-05-27 11:54:57.672,THINKING_TIME,7,C7_VisualOff_AudioUnpredictable,CardVisual_1_0,1.41,NA
2026-05-27 11:54:57.676,CARD_FLIP,7,C7_VisualOff_AudioUnpredictable,CardVisual_1_0,pair_4,FIRST
2026-05-27 11:54:59.338,THINKING_TIME,7,C7_VisualOff_AudioUnpredictable,CardVisual_0_2,1.66,NA
2026-05-27 11:54:59.341,RECHECK,7,C7_VisualOff_AudioUnpredictable,CardVisual_0_2,pair_1,7
2026-05-27 11:54:59.344,CARD_FLIP,7,C7_VisualOff_AudioUnpredictable,CardVisual_0_2,pair_1,SECOND
2026-05-27 11:55:00.348,MISMATCH,7,C7_VisualOff_AudioUnpredictable,CardVisual_1_0,CardVisual_0_2,NA
2026-05-27 11:55:00.556,THINKING_TIME,7,C7_VisualOff_AudioUnpredictable,Card_0_0,1.22,NA
2026-05-27 11:55:00.559,CARD_FLIP,7,C7_VisualOff_AudioUnpredictable,Card_0_0,pair_5,FIRST
2026-05-27 11:55:01.760,THINKING_TIME,7,C7_VisualOff_AudioUnpredictable,CardVisual_3_2,1.20,NA
2026-05-27 11:55:01.764,RECHECK,7,C7_VisualOff_AudioUnpredictable,CardVisual_3_2,pair_6,8
2026-05-27 11:55:01.767,CARD_FLIP,7,C7_VisualOff_AudioUnpredictable,CardVisual_3_2,pair_6,SECOND
2026-05-27 11:55:02.773,MISMATCH,7,C7_VisualOff_AudioUnpredictable,Card_0_0,CardVisual_3_2,NA
2026-05-27 11:55:02.976,THINKING_TIME,7,C7_VisualOff_AudioUnpredictable,CardVisual_2_0,1.22,NA
2026-05-27 11:55:02.980,CARD_FLIP,7,C7_VisualOff_AudioUnpredictable,CardVisual_2_0,pair_0,FIRST
2026-05-27 11:55:04.054,THINKING_TIME,7,C7_VisualOff_AudioUnpredictable,CardVisual_1_2,1.08,NA
2026-05-27 11:55:04.057,CARD_FLIP,7,C7_VisualOff_AudioUnpredictable,CardVisual_1_2,pair_6,SECOND
2026-05-27 11:55:05.061,MISMATCH,7,C7_VisualOff_AudioUnpredictable,CardVisual_2_0,CardVisual_1_2,NA
2026-05-27 11:55:05.761,THINKING_TIME,7,C7_VisualOff_AudioUnpredictable,Card_0_0,1.71,NA
2026-05-27 11:55:05.764,RECHECK,7,C7_VisualOff_AudioUnpredictable,Card_0_0,pair_5,9
2026-05-27 11:55:05.767,CARD_FLIP,7,C7_VisualOff_AudioUnpredictable,Card_0_0,pair_5,FIRST
2026-05-27 11:55:06.802,THINKING_TIME,7,C7_VisualOff_AudioUnpredictable,CardVisual_3_0,1.04,NA
2026-05-27 11:55:06.805,RECHECK,7,C7_VisualOff_AudioUnpredictable,CardVisual_3_0,pair_4,10
2026-05-27 11:55:06.808,CARD_FLIP,7,C7_VisualOff_AudioUnpredictable,CardVisual_3_0,pair_4,SECOND
2026-05-27 11:55:07.824,MISMATCH,7,C7_VisualOff_AudioUnpredictable,Card_0_0,CardVisual_3_0,NA
2026-05-27 11:55:08.293,THINKING_TIME,7,C7_VisualOff_AudioUnpredictable,CardVisual_2_1,1.49,NA
2026-05-27 11:55:08.296,RECHECK,7,C7_VisualOff_AudioUnpredictable,CardVisual_2_1,pair_0,11
2026-05-27 11:55:08.299,CARD_FLIP,7,C7_VisualOff_AudioUnpredictable,CardVisual_2_1,pair_0,FIRST
2026-05-27 11:55:10.052,THINKING_TIME,7,C7_VisualOff_AudioUnpredictable,CardVisual_0_1,1.76,NA
2026-05-27 11:55:10.055,CARD_FLIP,7,C7_VisualOff_AudioUnpredictable,CardVisual_0_1,pair_1,SECOND
2026-05-27 11:55:11.064,MISMATCH,7,C7_VisualOff_AudioUnpredictable,CardVisual_2_1,CardVisual_0_1,NA
2026-05-27 11:55:11.216,THINKING_TIME,7,C7_VisualOff_AudioUnpredictable,CardVisual_0_2,1.16,NA
2026-05-27 11:55:11.219,RECHECK,7,C7_VisualOff_AudioUnpredictable,CardVisual_0_2,pair_1,12
2026-05-27 11:55:11.221,CARD_FLIP,7,C7_VisualOff_AudioUnpredictable,CardVisual_0_2,pair_1,FIRST
2026-05-27 11:55:11.913,THINKING_TIME,7,C7_VisualOff_AudioUnpredictable,CardVisual_0_1,0.70,NA
2026-05-27 11:55:11.916,RECHECK,7,C7_VisualOff_AudioUnpredictable,CardVisual_0_1,pair_1,13
2026-05-27 11:55:11.919,CARD_FLIP,7,C7_VisualOff_AudioUnpredictable,CardVisual_0_1,pair_1,SECOND
2026-05-27 11:55:12.920,MATCH,7,C7_VisualOff_AudioUnpredictable,CardVisual_0_2,CardVisual_0_1,NA
2026-05-27 11:55:13.056,THINKING_TIME,7,C7_VisualOff_AudioUnpredictable,CardVisual_0_3,1.14,NA
2026-05-27 11:55:13.059,RECHECK,7,C7_VisualOff_AudioUnpredictable,CardVisual_0_3,pair_5,14
2026-05-27 11:55:13.062,CARD_FLIP,7,C7_VisualOff_AudioUnpredictable,CardVisual_0_3,pair_5,FIRST
2026-05-27 11:55:13.982,THINKING_TIME,7,C7_VisualOff_AudioUnpredictable,Card_0_0,0.93,NA
2026-05-27 11:55:13.985,RECHECK,7,C7_VisualOff_AudioUnpredictable,Card_0_0,pair_5,15
2026-05-27 11:55:13.988,CARD_FLIP,7,C7_VisualOff_AudioUnpredictable,Card_0_0,pair_5,SECOND
2026-05-27 11:55:14.996,MATCH,7,C7_VisualOff_AudioUnpredictable,CardVisual_0_3,Card_0_0,NA
2026-05-27 11:55:15.264,THINKING_TIME,7,C7_VisualOff_AudioUnpredictable,CardVisual_1_0,1.28,NA
2026-05-27 11:55:15.267,RECHECK,7,C7_VisualOff_AudioUnpredictable,CardVisual_1_0,pair_4,16
2026-05-27 11:55:15.270,CARD_FLIP,7,C7_VisualOff_AudioUnpredictable,CardVisual_1_0,pair_4,FIRST
2026-05-27 11:55:16.363,THINKING_TIME,7,C7_VisualOff_AudioUnpredictable,CardVisual_2_3,1.10,NA
2026-05-27 11:55:16.368,RECHECK,7,C7_VisualOff_AudioUnpredictable,CardVisual_2_3,pair_2,17
2026-05-27 11:55:16.371,CARD_FLIP,7,C7_VisualOff_AudioUnpredictable,CardVisual_2_3,pair_2,SECOND
2026-05-27 11:55:17.394,MISMATCH,7,C7_VisualOff_AudioUnpredictable,CardVisual_1_0,CardVisual_2_3,NA
2026-05-27 11:55:17.737,THINKING_TIME,7,C7_VisualOff_AudioUnpredictable,CardVisual_2_1,1.37,NA
2026-05-27 11:55:17.741,RECHECK,7,C7_VisualOff_AudioUnpredictable,CardVisual_2_1,pair_0,18
2026-05-27 11:55:17.744,CARD_FLIP,7,C7_VisualOff_AudioUnpredictable,CardVisual_2_1,pair_0,FIRST
2026-05-27 11:55:18.389,THINKING_TIME,7,C7_VisualOff_AudioUnpredictable,CardVisual_2_0,0.65,NA
2026-05-27 11:55:18.392,RECHECK,7,C7_VisualOff_AudioUnpredictable,CardVisual_2_0,pair_0,19
2026-05-27 11:55:18.395,CARD_FLIP,7,C7_VisualOff_AudioUnpredictable,CardVisual_2_0,pair_0,SECOND
2026-05-27 11:55:19.400,MATCH,7,C7_VisualOff_AudioUnpredictable,CardVisual_2_1,CardVisual_2_0,NA
2026-05-27 11:55:19.525,THINKING_TIME,7,C7_VisualOff_AudioUnpredictable,CardVisual_2_2,1.14,NA
2026-05-27 11:55:19.528,CARD_FLIP,7,C7_VisualOff_AudioUnpredictable,CardVisual_2_2,pair_2,FIRST
2026-05-27 11:55:20.394,THINKING_TIME,7,C7_VisualOff_AudioUnpredictable,CardVisual_2_3,0.87,NA
2026-05-27 11:55:20.398,RECHECK,7,C7_VisualOff_AudioUnpredictable,CardVisual_2_3,pair_2,20
2026-05-27 11:55:20.400,CARD_FLIP,7,C7_VisualOff_AudioUnpredictable,CardVisual_2_3,pair_2,SECOND
2026-05-27 11:55:21.407,MATCH,7,C7_VisualOff_AudioUnpredictable,CardVisual_2_2,CardVisual_2_3,NA
2026-05-27 11:55:21.660,THINKING_TIME,7,C7_VisualOff_AudioUnpredictable,CardVisual_1_2,1.27,NA
2026-05-27 11:55:21.662,RECHECK,7,C7_VisualOff_AudioUnpredictable,CardVisual_1_2,pair_6,21
2026-05-27 11:55:21.665,CARD_FLIP,7,C7_VisualOff_AudioUnpredictable,CardVisual_1_2,pair_6,FIRST
2026-05-27 11:55:22.685,THINKING_TIME,7,C7_VisualOff_AudioUnpredictable,CardVisual_3_0,1.03,NA
2026-05-27 11:55:22.689,RECHECK,7,C7_VisualOff_AudioUnpredictable,CardVisual_3_0,pair_4,22
2026-05-27 11:55:22.692,CARD_FLIP,7,C7_VisualOff_AudioUnpredictable,CardVisual_3_0,pair_4,SECOND
2026-05-27 11:55:23.691,MISMATCH,7,C7_VisualOff_AudioUnpredictable,CardVisual_1_2,CardVisual_3_0,NA
2026-05-27 11:55:23.763,THINKING_TIME,7,C7_VisualOff_AudioUnpredictable,CardVisual_3_2,1.08,NA
2026-05-27 11:55:23.766,RECHECK,7,C7_VisualOff_AudioUnpredictable,CardVisual_3_2,pair_6,23
2026-05-27 11:55:23.769,CARD_FLIP,7,C7_VisualOff_AudioUnpredictable,CardVisual_3_2,pair_6,FIRST
2026-05-27 11:55:24.511,THINKING_TIME,7,C7_VisualOff_AudioUnpredictable,CardVisual_1_2,0.75,NA
2026-05-27 11:55:24.514,RECHECK,7,C7_VisualOff_AudioUnpredictable,CardVisual_1_2,pair_6,24
2026-05-27 11:55:24.517,CARD_FLIP,7,C7_VisualOff_AudioUnpredictable,CardVisual_1_2,pair_6,SECOND
2026-05-27 11:55:25.516,MATCH,7,C7_VisualOff_AudioUnpredictable,CardVisual_3_2,CardVisual_1_2,NA
2026-05-27 11:55:25.705,THINKING_TIME,7,C7_VisualOff_AudioUnpredictable,CardVisual_1_0,1.19,NA
2026-05-27 11:55:25.708,RECHECK,7,C7_VisualOff_AudioUnpredictable,CardVisual_1_0,pair_4,25
2026-05-27 11:55:25.711,CARD_FLIP,7,C7_VisualOff_AudioUnpredictable,CardVisual_1_0,pair_4,FIRST
2026-05-27 11:55:26.603,THINKING_TIME,7,C7_VisualOff_AudioUnpredictable,CardVisual_3_0,0.90,NA
2026-05-27 11:55:26.606,RECHECK,7,C7_VisualOff_AudioUnpredictable,CardVisual_3_0,pair_4,26
2026-05-27 11:55:26.610,CARD_FLIP,7,C7_VisualOff_AudioUnpredictable,CardVisual_3_0,pair_4,SECOND
2026-05-27 11:55:27.610,MATCH,7,C7_VisualOff_AudioUnpredictable,CardVisual_1_0,CardVisual_3_0,NA
2026-05-27 11:55:27.613,ROUND_END,7,C7_VisualOff_AudioUnpredictable,ROUND,50.99,mismatches=13rechecks=26
2026-05-27 11:55:27.616,DISTRACTOR_OFF,7,C7_VisualOff_AudioUnpredictable,VisualDistractor,VISUAL,NA
2026-05-27 11:55:27.618,DISTRACTOR_OFF,7,C7_VisualOff_AudioUnpredictable,UnpredictableOrbitAudioSource,AUDIO,NA
2026-05-27 11:55:27.620,QUESTIONNAIRE_START,7,C7_VisualOff_AudioUnpredictable,POST_CONDITION_QUESTIONNAIRE,NA,NA
2026-05-27 11:56:32.353,QUESTIONNAIRE_ANSWER,7,C7_VisualOff_AudioUnpredictable,Q1,How much mental and perceptual activity was required (e.g. thinking," deciding, calculating, remembering, looking, searching, etc)? Was the task easy or demanding, simple or complex, exacting or forgiving?,27"
2026-05-27 11:56:32.356,QUESTIONNAIRE_ANSWER,7,C7_VisualOff_AudioUnpredictable,Q2,How much physical activity was required (e.g. pushing," pulling, turning, controlling, activating, etc)? Was the task easy or demanding, slow or brisk, slack or strenuous, restful or laborious?,21"
2026-05-27 11:56:32.358,QUESTIONNAIRE_ANSWER,7,C7_VisualOff_AudioUnpredictable,Q3,How much time pressure did you feel due to the rate of pace at which the tasks or task elements occurred? Was the pace slow and leisurely or rapid and frantic?,22
2026-05-27 11:56:32.361,QUESTIONNAIRE_ANSWER,7,C7_VisualOff_AudioUnpredictable,Q4,How successful do you think you were in accomplishing the goals of the task set by the experimenter (or yourself)? How satisfied were you with your performance in accomplishing these goals?,40
2026-05-27 11:56:32.363,QUESTIONNAIRE_ANSWER,7,C7_VisualOff_AudioUnpredictable,Q5,How hard did you have to work (mentally and physically) to accomplish your level of performance?,30
2026-05-27 11:56:32.366,QUESTIONNAIRE_ANSWER,7,C7_VisualOff_AudioUnpredictable,Q6,How insecure," discouraged, irritated, stressed and annoyed versus secure, gratified, content, relaxed and complacent did you feel during the task?,35"
2026-05-27 11:56:32.368,QUESTIONNAIRE_END,7,C7_VisualOff_AudioUnpredictable,POST_CONDITION_QUESTIONNAIRE,NA,NA
2026-05-27 11:56:32.370,DISTRACTOR_OFF,7,C7_VisualOff_AudioUnpredictable,VisualDistractor,VISUAL,NA
2026-05-27 11:56:35.904,DISTRACTOR_ON,7,C7_VisualOff_AudioUnpredictable,Visual_Left,VISUAL_PREDICTABLE,NA
2026-05-27 11:56:35.907,DISTRACTOR_ON,7,C7_VisualOff_AudioUnpredictable,UnpredictableOrbitAudioSource,AUDIO,NA
2026-05-27 11:56:35.913,ROUND_START,8,C8_VisualPredictable_AudioUnpredictable,ROUND,NA,NA
2026-05-27 11:56:35.916,DISTRACTOR_ON,8,C8_VisualPredictable_AudioUnpredictable,Visual_Left,VISUAL_PREDICTABLE,NA
2026-05-27 11:56:35.918,DISTRACTOR_OFF,8,C8_VisualPredictable_AudioUnpredictable,UnpredictableOrbitAudioSource,AUDIO,NA
2026-05-27 11:56:35.921,DISTRACTOR_ON,8,C8_VisualPredictable_AudioUnpredictable,UnpredictableOrbitAudioSource,AUDIO,NA
2026-05-27 11:56:37.119,THINKING_TIME,8,C8_VisualPredictable_AudioUnpredictable,CardVisual_3_2,70.51,NA
2026-05-27 11:56:37.122,CARD_FLIP,8,C8_VisualPredictable_AudioUnpredictable,CardVisual_3_2,pair_7,FIRST
2026-05-27 11:56:38.288,THINKING_TIME,8,C8_VisualPredictable_AudioUnpredictable,CardVisual_3_1,1.17,NA
2026-05-27 11:56:38.291,CARD_FLIP,8,C8_VisualPredictable_AudioUnpredictable,CardVisual_3_1,pair_7,SECOND
2026-05-27 11:56:39.302,MATCH,8,C8_VisualPredictable_AudioUnpredictable,CardVisual_3_2,CardVisual_3_1,NA
2026-05-27 11:56:39.404,THINKING_TIME,8,C8_VisualPredictable_AudioUnpredictable,CardVisual_3_3,1.12,NA
2026-05-27 11:56:39.408,CARD_FLIP,8,C8_VisualPredictable_AudioUnpredictable,CardVisual_3_3,pair_0,FIRST
2026-05-27 11:56:40.286,THINKING_TIME,8,C8_VisualPredictable_AudioUnpredictable,CardVisual_2_3,0.88,NA
2026-05-27 11:56:40.290,CARD_FLIP,8,C8_VisualPredictable_AudioUnpredictable,CardVisual_2_3,pair_6,SECOND
2026-05-27 11:56:41.300,MISMATCH,8,C8_VisualPredictable_AudioUnpredictable,CardVisual_3_3,CardVisual_2_3,NA
2026-05-27 11:56:41.358,THINKING_TIME,8,C8_VisualPredictable_AudioUnpredictable,CardVisual_2_2,1.07,NA
2026-05-27 11:56:41.361,CARD_FLIP,8,C8_VisualPredictable_AudioUnpredictable,CardVisual_2_2,pair_0,FIRST
2026-05-27 11:56:42.187,THINKING_TIME,8,C8_VisualPredictable_AudioUnpredictable,CardVisual_3_3,0.83,NA
2026-05-27 11:56:42.191,RECHECK,8,C8_VisualPredictable_AudioUnpredictable,CardVisual_3_3,pair_0,1
2026-05-27 11:56:42.195,CARD_FLIP,8,C8_VisualPredictable_AudioUnpredictable,CardVisual_3_3,pair_0,SECOND
2026-05-27 11:56:43.192,MATCH,8,C8_VisualPredictable_AudioUnpredictable,CardVisual_2_2,CardVisual_3_3,NA
2026-05-27 11:56:43.570,THINKING_TIME,8,C8_VisualPredictable_AudioUnpredictable,CardVisual_1_3,1.38,NA
2026-05-27 11:56:43.574,CARD_FLIP,8,C8_VisualPredictable_AudioUnpredictable,CardVisual_1_3,pair_6,FIRST
2026-05-27 11:56:44.253,THINKING_TIME,8,C8_VisualPredictable_AudioUnpredictable,CardVisual_2_3,0.68,NA
2026-05-27 11:56:44.257,RECHECK,8,C8_VisualPredictable_AudioUnpredictable,CardVisual_2_3,pair_6,2
2026-05-27 11:56:44.260,CARD_FLIP,8,C8_VisualPredictable_AudioUnpredictable,CardVisual_2_3,pair_6,SECOND
2026-05-27 11:56:45.271,MATCH,8,C8_VisualPredictable_AudioUnpredictable,CardVisual_1_3,CardVisual_2_3,NA
2026-05-27 11:56:45.425,THINKING_TIME,8,C8_VisualPredictable_AudioUnpredictable,CardVisual_1_2,1.17,NA
2026-05-27 11:56:45.428,CARD_FLIP,8,C8_VisualPredictable_AudioUnpredictable,CardVisual_1_2,pair_4,FIRST
2026-05-27 11:56:46.465,THINKING_TIME,8,C8_VisualPredictable_AudioUnpredictable,CardVisual_0_2,1.04,NA
2026-05-27 11:56:46.469,CARD_FLIP,8,C8_VisualPredictable_AudioUnpredictable,CardVisual_0_2,pair_3,SECOND
2026-05-27 11:56:47.475,MISMATCH,8,C8_VisualPredictable_AudioUnpredictable,CardVisual_1_2,CardVisual_0_2,NA
2026-05-27 11:56:47.878,THINKING_TIME,8,C8_VisualPredictable_AudioUnpredictable,CardVisual_1_1,1.41,NA
2026-05-27 11:56:47.882,CARD_FLIP,8,C8_VisualPredictable_AudioUnpredictable,CardVisual_1_1,pair_1,FIRST
2026-05-27 11:56:48.992,THINKING_TIME,8,C8_VisualPredictable_AudioUnpredictable,CardVisual_2_1,1.11,NA
2026-05-27 11:56:48.996,CARD_FLIP,8,C8_VisualPredictable_AudioUnpredictable,CardVisual_2_1,pair_2,SECOND
2026-05-27 11:56:50.009,MISMATCH,8,C8_VisualPredictable_AudioUnpredictable,CardVisual_1_1,CardVisual_2_1,NA
2026-05-27 11:56:50.066,THINKING_TIME,8,C8_VisualPredictable_AudioUnpredictable,CardVisual_2_0,1.07,NA
2026-05-27 11:56:50.070,CARD_FLIP,8,C8_VisualPredictable_AudioUnpredictable,CardVisual_2_0,pair_1,FIRST
2026-05-27 11:56:50.909,THINKING_TIME,8,C8_VisualPredictable_AudioUnpredictable,CardVisual_1_1,0.84,NA
2026-05-27 11:56:50.913,RECHECK,8,C8_VisualPredictable_AudioUnpredictable,CardVisual_1_1,pair_1,3
2026-05-27 11:56:50.916,CARD_FLIP,8,C8_VisualPredictable_AudioUnpredictable,CardVisual_1_1,pair_1,SECOND
2026-05-27 11:56:51.928,MATCH,8,C8_VisualPredictable_AudioUnpredictable,CardVisual_2_0,CardVisual_1_1,NA
2026-05-27 11:56:52.075,THINKING_TIME,8,C8_VisualPredictable_AudioUnpredictable,CardVisual_1_0,1.17,NA
2026-05-27 11:56:52.078,CARD_FLIP,8,C8_VisualPredictable_AudioUnpredictable,CardVisual_1_0,pair_4,FIRST
2026-05-27 11:56:52.962,THINKING_TIME,8,C8_VisualPredictable_AudioUnpredictable,CardVisual_0_2,0.89,NA
2026-05-27 11:56:52.966,RECHECK,8,C8_VisualPredictable_AudioUnpredictable,CardVisual_0_2,pair_3,4
2026-05-27 11:56:52.969,CARD_FLIP,8,C8_VisualPredictable_AudioUnpredictable,CardVisual_0_2,pair_3,SECOND
2026-05-27 11:56:53.969,MISMATCH,8,C8_VisualPredictable_AudioUnpredictable,CardVisual_1_0,CardVisual_0_2,NA
2026-05-27 11:56:54.125,THINKING_TIME,8,C8_VisualPredictable_AudioUnpredictable,CardVisual_0_3,1.16,NA
2026-05-27 11:56:54.129,CARD_FLIP,8,C8_VisualPredictable_AudioUnpredictable,CardVisual_0_3,pair_2,FIRST
2026-05-27 11:56:55.173,THINKING_TIME,8,C8_VisualPredictable_AudioUnpredictable,CardVisual_2_1,1.05,NA
2026-05-27 11:56:55.177,RECHECK,8,C8_VisualPredictable_AudioUnpredictable,CardVisual_2_1,pair_2,5
2026-05-27 11:56:55.181,CARD_FLIP,8,C8_VisualPredictable_AudioUnpredictable,CardVisual_2_1,pair_2,SECOND
2026-05-27 11:56:56.190,MATCH,8,C8_VisualPredictable_AudioUnpredictable,CardVisual_0_3,CardVisual_2_1,NA
2026-05-27 11:56:56.573,THINKING_TIME,8,C8_VisualPredictable_AudioUnpredictable,Card_0_0,1.40,NA
2026-05-27 11:56:56.577,CARD_FLIP,8,C8_VisualPredictable_AudioUnpredictable,Card_0_0,pair_5,FIRST
2026-05-27 11:56:57.563,THINKING_TIME,8,C8_VisualPredictable_AudioUnpredictable,CardVisual_0_2,0.99,NA
2026-05-27 11:56:57.567,RECHECK,8,C8_VisualPredictable_AudioUnpredictable,CardVisual_0_2,pair_3,6
2026-05-27 11:56:57.570,CARD_FLIP,8,C8_VisualPredictable_AudioUnpredictable,CardVisual_0_2,pair_3,SECOND
2026-05-27 11:56:58.578,MISMATCH,8,C8_VisualPredictable_AudioUnpredictable,Card_0_0,CardVisual_0_2,NA
2026-05-27 11:56:58.651,THINKING_TIME,8,C8_VisualPredictable_AudioUnpredictable,CardVisual_0_1,1.09,NA
2026-05-27 11:56:58.655,CARD_FLIP,8,C8_VisualPredictable_AudioUnpredictable,CardVisual_0_1,pair_5,FIRST
2026-05-27 11:56:59.490,THINKING_TIME,8,C8_VisualPredictable_AudioUnpredictable,Card_0_0,0.84,NA
2026-05-27 11:56:59.494,RECHECK,8,C8_VisualPredictable_AudioUnpredictable,Card_0_0,pair_5,7
2026-05-27 11:56:59.498,CARD_FLIP,8,C8_VisualPredictable_AudioUnpredictable,Card_0_0,pair_5,SECOND
2026-05-27 11:57:00.498,MATCH,8,C8_VisualPredictable_AudioUnpredictable,CardVisual_0_1,Card_0_0,NA
2026-05-27 11:57:00.574,THINKING_TIME,8,C8_VisualPredictable_AudioUnpredictable,CardVisual_3_0,1.08,NA
2026-05-27 11:57:00.578,CARD_FLIP,8,C8_VisualPredictable_AudioUnpredictable,CardVisual_3_0,pair_3,FIRST
2026-05-27 11:57:01.584,THINKING_TIME,8,C8_VisualPredictable_AudioUnpredictable,CardVisual_0_2,1.01,NA
2026-05-27 11:57:01.588,RECHECK,8,C8_VisualPredictable_AudioUnpredictable,CardVisual_0_2,pair_3,8
2026-05-27 11:57:01.591,CARD_FLIP,8,C8_VisualPredictable_AudioUnpredictable,CardVisual_0_2,pair_3,SECOND
2026-05-27 11:57:02.594,MATCH,8,C8_VisualPredictable_AudioUnpredictable,CardVisual_3_0,CardVisual_0_2,NA
2026-05-27 11:57:03.304,THINKING_TIME,8,C8_VisualPredictable_AudioUnpredictable,CardVisual_1_2,1.72,NA
2026-05-27 11:57:03.308,RECHECK,8,C8_VisualPredictable_AudioUnpredictable,CardVisual_1_2,pair_4,9
2026-05-27 11:57:03.312,CARD_FLIP,8,C8_VisualPredictable_AudioUnpredictable,CardVisual_1_2,pair_4,FIRST
2026-05-27 11:57:03.937,THINKING_TIME,8,C8_VisualPredictable_AudioUnpredictable,CardVisual_1_0,0.63,NA
2026-05-27 11:57:03.940,RECHECK,8,C8_VisualPredictable_AudioUnpredictable,CardVisual_1_0,pair_4,10
2026-05-27 11:57:03.944,CARD_FLIP,8,C8_VisualPredictable_AudioUnpredictable,CardVisual_1_0,pair_4,SECOND
2026-05-27 11:57:04.942,MATCH,8,C8_VisualPredictable_AudioUnpredictable,CardVisual_1_2,CardVisual_1_0,NA
2026-05-27 11:57:04.946,ROUND_END,8,C8_VisualPredictable_AudioUnpredictable,ROUND,29.03,mismatches=5rechecks=10
2026-05-27 11:57:04.949,DISTRACTOR_OFF,8,C8_VisualPredictable_AudioUnpredictable,VisualDistractor,VISUAL,NA
2026-05-27 11:57:04.952,DISTRACTOR_OFF,8,C8_VisualPredictable_AudioUnpredictable,UnpredictableOrbitAudioSource,AUDIO,NA
2026-05-27 11:57:04.955,QUESTIONNAIRE_START,8,C8_VisualPredictable_AudioUnpredictable,POST_CONDITION_QUESTIONNAIRE,NA,NA
2026-05-27 11:57:51.146,QUESTIONNAIRE_ANSWER,8,C8_VisualPredictable_AudioUnpredictable,Q1,How much mental and perceptual activity was required (e.g. thinking," deciding, calculating, remembering, looking, searching, etc)? Was the task easy or demanding, simple or complex, exacting or forgiving?,20"
2026-05-27 11:57:51.149,QUESTIONNAIRE_ANSWER,8,C8_VisualPredictable_AudioUnpredictable,Q2,How much physical activity was required (e.g. pushing," pulling, turning, controlling, activating, etc)? Was the task easy or demanding, slow or brisk, slack or strenuous, restful or laborious?,11"
2026-05-27 11:57:51.152,QUESTIONNAIRE_ANSWER,8,C8_VisualPredictable_AudioUnpredictable,Q3,How much time pressure did you feel due to the rate of pace at which the tasks or task elements occurred? Was the pace slow and leisurely or rapid and frantic?,30
2026-05-27 11:57:51.155,QUESTIONNAIRE_ANSWER,8,C8_VisualPredictable_AudioUnpredictable,Q4,How successful do you think you were in accomplishing the goals of the task set by the experimenter (or yourself)? How satisfied were you with your performance in accomplishing these goals?,55
2026-05-27 11:57:51.158,QUESTIONNAIRE_ANSWER,8,C8_VisualPredictable_AudioUnpredictable,Q5,How hard did you have to work (mentally and physically) to accomplish your level of performance?,50
2026-05-27 11:57:51.161,QUESTIONNAIRE_ANSWER,8,C8_VisualPredictable_AudioUnpredictable,Q6,How insecure," discouraged, irritated, stressed and annoyed versus secure, gratified, content, relaxed and complacent did you feel during the task?,55"
2026-05-27 11:57:51.163,QUESTIONNAIRE_END,8,C8_VisualPredictable_AudioUnpredictable,POST_CONDITION_QUESTIONNAIRE,NA,NA
2026-05-27 11:57:51.167,DISTRACTOR_OFF,8,C8_VisualPredictable_AudioUnpredictable,VisualDistractor,VISUAL,NA
2026-05-27 11:57:54.034,DISTRACTOR_ON,8,C8_VisualPredictable_AudioUnpredictable,Visual_UpperLeft,VISUAL_UNPREDICTABLE,NA
2026-05-27 11:57:54.037,DISTRACTOR_ON,8,C8_VisualPredictable_AudioUnpredictable,UnpredictableOrbitAudioSource,AUDIO,NA
2026-05-27 11:57:54.043,ROUND_START,9,C9_VisualUnpredictable_AudioUnpredictable,ROUND,NA,NA
2026-05-27 11:57:54.045,DISTRACTOR_ON,9,C9_VisualUnpredictable_AudioUnpredictable,Visual_Right,VISUAL_UNPREDICTABLE,NA
2026-05-27 11:57:54.048,DISTRACTOR_OFF,9,C9_VisualUnpredictable_AudioUnpredictable,UnpredictableOrbitAudioSource,AUDIO,NA
2026-05-27 11:57:54.051,DISTRACTOR_ON,9,C9_VisualUnpredictable_AudioUnpredictable,UnpredictableOrbitAudioSource,AUDIO,NA
2026-05-27 11:57:55.097,THINKING_TIME,9,C9_VisualUnpredictable_AudioUnpredictable,CardVisual_3_2,51.16,NA
2026-05-27 11:57:55.101,CARD_FLIP,9,C9_VisualUnpredictable_AudioUnpredictable,CardVisual_3_2,pair_4,FIRST
2026-05-27 11:57:56.471,THINKING_TIME,9,C9_VisualUnpredictable_AudioUnpredictable,CardVisual_2_2,1.37,NA
2026-05-27 11:57:56.475,CARD_FLIP,9,C9_VisualUnpredictable_AudioUnpredictable,CardVisual_2_2,pair_1,SECOND
2026-05-27 11:57:57.478,MISMATCH,9,C9_VisualUnpredictable_AudioUnpredictable,CardVisual_3_2,CardVisual_2_2,NA
2026-05-27 11:57:57.823,THINKING_TIME,9,C9_VisualUnpredictable_AudioUnpredictable,CardVisual_1_2,1.35,NA
2026-05-27 11:57:57.827,CARD_FLIP,9,C9_VisualUnpredictable_AudioUnpredictable,CardVisual_1_2,pair_6,FIRST
2026-05-27 11:57:58.861,THINKING_TIME,9,C9_VisualUnpredictable_AudioUnpredictable,CardVisual_0_2,1.04,NA
2026-05-27 11:57:58.865,CARD_FLIP,9,C9_VisualUnpredictable_AudioUnpredictable,CardVisual_0_2,pair_0,SECOND
2026-05-27 11:57:59.867,MISMATCH,9,C9_VisualUnpredictable_AudioUnpredictable,CardVisual_1_2,CardVisual_0_2,NA
2026-05-27 11:58:00.214,THINKING_TIME,9,C9_VisualUnpredictable_AudioUnpredictable,CardVisual_0_3,1.35,NA
2026-05-27 11:58:00.218,CARD_FLIP,9,C9_VisualUnpredictable_AudioUnpredictable,CardVisual_0_3,pair_5,FIRST
2026-05-27 11:58:01.218,THINKING_TIME,9,C9_VisualUnpredictable_AudioUnpredictable,CardVisual_1_3,1.00,NA
2026-05-27 11:58:01.222,CARD_FLIP,9,C9_VisualUnpredictable_AudioUnpredictable,CardVisual_1_3,pair_7,SECOND
2026-05-27 11:58:02.233,MISMATCH,9,C9_VisualUnpredictable_AudioUnpredictable,CardVisual_0_3,CardVisual_1_3,NA
2026-05-27 11:58:02.595,THINKING_TIME,9,C9_VisualUnpredictable_AudioUnpredictable,CardVisual_2_2,1.38,NA
2026-05-27 11:58:02.599,RECHECK,9,C9_VisualUnpredictable_AudioUnpredictable,CardVisual_2_2,pair_1,1
2026-05-27 11:58:02.601,CARD_FLIP,9,C9_VisualUnpredictable_AudioUnpredictable,CardVisual_2_2,pair_1,FIRST
2026-05-27 11:58:03.600,THINKING_TIME,9,C9_VisualUnpredictable_AudioUnpredictable,CardVisual_3_2,1.01,NA
2026-05-27 11:58:03.604,RECHECK,9,C9_VisualUnpredictable_AudioUnpredictable,CardVisual_3_2,pair_4,2
2026-05-27 11:58:03.607,CARD_FLIP,9,C9_VisualUnpredictable_AudioUnpredictable,CardVisual_3_2,pair_4,SECOND
2026-05-27 11:58:04.616,MISMATCH,9,C9_VisualUnpredictable_AudioUnpredictable,CardVisual_2_2,CardVisual_3_2,NA
2026-05-27 11:58:05.200,THINKING_TIME,9,C9_VisualUnpredictable_AudioUnpredictable,CardVisual_2_3,1.60,NA
2026-05-27 11:58:05.204,CARD_FLIP,9,C9_VisualUnpredictable_AudioUnpredictable,CardVisual_2_3,pair_1,FIRST
2026-05-27 11:58:05.962,THINKING_TIME,9,C9_VisualUnpredictable_AudioUnpredictable,CardVisual_2_2,0.76,NA
2026-05-27 11:58:05.966,RECHECK,9,C9_VisualUnpredictable_AudioUnpredictable,CardVisual_2_2,pair_1,3
2026-05-27 11:58:05.969,CARD_FLIP,9,C9_VisualUnpredictable_AudioUnpredictable,CardVisual_2_2,pair_1,SECOND
2026-05-27 11:58:06.971,MATCH,9,C9_VisualUnpredictable_AudioUnpredictable,CardVisual_2_3,CardVisual_2_2,NA
2026-05-27 11:58:06.986,THINKING_TIME,9,C9_VisualUnpredictable_AudioUnpredictable,CardVisual_3_3,1.02,NA
2026-05-27 11:58:06.990,CARD_FLIP,9,C9_VisualUnpredictable_AudioUnpredictable,CardVisual_3_3,pair_4,FIRST
2026-05-27 11:58:07.920,THINKING_TIME,9,C9_VisualUnpredictable_AudioUnpredictable,CardVisual_0_2,0.93,NA
2026-05-27 11:58:07.924,RECHECK,9,C9_VisualUnpredictable_AudioUnpredictable,CardVisual_0_2,pair_0,4
2026-05-27 11:58:07.927,CARD_FLIP,9,C9_VisualUnpredictable_AudioUnpredictable,CardVisual_0_2,pair_0,SECOND
2026-05-27 11:58:08.935,MISMATCH,9,C9_VisualUnpredictable_AudioUnpredictable,CardVisual_3_3,CardVisual_0_2,NA
2026-05-27 11:58:09.010,THINKING_TIME,9,C9_VisualUnpredictable_AudioUnpredictable,CardVisual_3_2,1.09,NA
2026-05-27 11:58:09.014,RECHECK,9,C9_VisualUnpredictable_AudioUnpredictable,CardVisual_3_2,pair_4,5
2026-05-27 11:58:09.017,CARD_FLIP,9,C9_VisualUnpredictable_AudioUnpredictable,CardVisual_3_2,pair_4,FIRST
2026-05-27 11:58:09.540,THINKING_TIME,9,C9_VisualUnpredictable_AudioUnpredictable,CardVisual_3_3,0.53,NA
2026-05-27 11:58:09.544,RECHECK,9,C9_VisualUnpredictable_AudioUnpredictable,CardVisual_3_3,pair_4,6
2026-05-27 11:58:09.547,CARD_FLIP,9,C9_VisualUnpredictable_AudioUnpredictable,CardVisual_3_3,pair_4,SECOND
2026-05-27 11:58:10.548,MATCH,9,C9_VisualUnpredictable_AudioUnpredictable,CardVisual_3_2,CardVisual_3_3,NA
2026-05-27 11:58:10.712,THINKING_TIME,9,C9_VisualUnpredictable_AudioUnpredictable,CardVisual_2_1,1.17,NA
2026-05-27 11:58:10.716,CARD_FLIP,9,C9_VisualUnpredictable_AudioUnpredictable,CardVisual_2_1,pair_3,FIRST
2026-05-27 11:58:12.085,THINKING_TIME,9,C9_VisualUnpredictable_AudioUnpredictable,CardVisual_1_1,1.37,NA
2026-05-27 11:58:12.089,CARD_FLIP,9,C9_VisualUnpredictable_AudioUnpredictable,CardVisual_1_1,pair_0,SECOND
2026-05-27 11:58:13.099,MISMATCH,9,C9_VisualUnpredictable_AudioUnpredictable,CardVisual_2_1,CardVisual_1_1,NA
2026-05-27 11:58:13.233,THINKING_TIME,9,C9_VisualUnpredictable_AudioUnpredictable,CardVisual_0_1,1.15,NA
2026-05-27 11:58:13.236,CARD_FLIP,9,C9_VisualUnpredictable_AudioUnpredictable,CardVisual_0_1,pair_7,FIRST
2026-05-27 11:58:14.094,THINKING_TIME,9,C9_VisualUnpredictable_AudioUnpredictable,CardVisual_0_2,0.86,NA
2026-05-27 11:58:14.098,RECHECK,9,C9_VisualUnpredictable_AudioUnpredictable,CardVisual_0_2,pair_0,7
2026-05-27 11:58:14.102,CARD_FLIP,9,C9_VisualUnpredictable_AudioUnpredictable,CardVisual_0_2,pair_0,SECOND
2026-05-27 11:58:15.105,MISMATCH,9,C9_VisualUnpredictable_AudioUnpredictable,CardVisual_0_1,CardVisual_0_2,NA
2026-05-27 11:58:15.310,THINKING_TIME,9,C9_VisualUnpredictable_AudioUnpredictable,CardVisual_1_1,1.22,NA
2026-05-27 11:58:15.314,RECHECK,9,C9_VisualUnpredictable_AudioUnpredictable,CardVisual_1_1,pair_0,8
2026-05-27 11:58:15.319,CARD_FLIP,9,C9_VisualUnpredictable_AudioUnpredictable,CardVisual_1_1,pair_0,FIRST
2026-05-27 11:58:15.878,THINKING_TIME,9,C9_VisualUnpredictable_AudioUnpredictable,CardVisual_0_2,0.57,NA
2026-05-27 11:58:15.882,RECHECK,9,C9_VisualUnpredictable_AudioUnpredictable,CardVisual_0_2,pair_0,9
2026-05-27 11:58:15.886,CARD_FLIP,9,C9_VisualUnpredictable_AudioUnpredictable,CardVisual_0_2,pair_0,SECOND
2026-05-27 11:58:16.892,MATCH,9,C9_VisualUnpredictable_AudioUnpredictable,CardVisual_1_1,CardVisual_0_2,NA
2026-05-27 11:58:16.965,THINKING_TIME,9,C9_VisualUnpredictable_AudioUnpredictable,CardVisual_0_3,1.09,NA
2026-05-27 11:58:16.969,RECHECK,9,C9_VisualUnpredictable_AudioUnpredictable,CardVisual_0_3,pair_5,10
2026-05-27 11:58:16.972,CARD_FLIP,9,C9_VisualUnpredictable_AudioUnpredictable,CardVisual_0_3,pair_5,FIRST
2026-05-27 11:58:17.872,THINKING_TIME,9,C9_VisualUnpredictable_AudioUnpredictable,CardVisual_1_3,0.91,NA
2026-05-27 11:58:17.875,RECHECK,9,C9_VisualUnpredictable_AudioUnpredictable,CardVisual_1_3,pair_7,11
2026-05-27 11:58:17.879,CARD_FLIP,9,C9_VisualUnpredictable_AudioUnpredictable,CardVisual_1_3,pair_7,SECOND
2026-05-27 11:58:18.882,MISMATCH,9,C9_VisualUnpredictable_AudioUnpredictable,CardVisual_0_3,CardVisual_1_3,NA
2026-05-27 11:58:19.041,THINKING_TIME,9,C9_VisualUnpredictable_AudioUnpredictable,CardVisual_0_1,1.17,NA
2026-05-27 11:58:19.045,RECHECK,9,C9_VisualUnpredictable_AudioUnpredictable,CardVisual_0_1,pair_7,12
2026-05-27 11:58:19.049,CARD_FLIP,9,C9_VisualUnpredictable_AudioUnpredictable,CardVisual_0_1,pair_7,FIRST
2026-05-27 11:58:19.717,THINKING_TIME,9,C9_VisualUnpredictable_AudioUnpredictable,CardVisual_1_3,0.68,NA
2026-05-27 11:58:19.720,RECHECK,9,C9_VisualUnpredictable_AudioUnpredictable,CardVisual_1_3,pair_7,13
2026-05-27 11:58:19.724,CARD_FLIP,9,C9_VisualUnpredictable_AudioUnpredictable,CardVisual_1_3,pair_7,SECOND
2026-05-27 11:58:20.730,MATCH,9,C9_VisualUnpredictable_AudioUnpredictable,CardVisual_0_1,CardVisual_1_3,NA
2026-05-27 11:58:21.730,THINKING_TIME,9,C9_VisualUnpredictable_AudioUnpredictable,Card_0_0,2.01,NA
2026-05-27 11:58:21.734,CARD_FLIP,9,C9_VisualUnpredictable_AudioUnpredictable,Card_0_0,pair_6,FIRST
2026-05-27 11:58:22.837,THINKING_TIME,9,C9_VisualUnpredictable_AudioUnpredictable,CardVisual_1_0,1.11,NA
2026-05-27 11:58:22.840,CARD_FLIP,9,C9_VisualUnpredictable_AudioUnpredictable,CardVisual_1_0,pair_2,SECOND
2026-05-27 11:58:23.851,MISMATCH,9,C9_VisualUnpredictable_AudioUnpredictable,Card_0_0,CardVisual_1_0,NA
2026-05-27 11:58:23.937,THINKING_TIME,9,C9_VisualUnpredictable_AudioUnpredictable,CardVisual_2_0,1.10,NA
2026-05-27 11:58:23.941,CARD_FLIP,9,C9_VisualUnpredictable_AudioUnpredictable,CardVisual_2_0,pair_2,FIRST
2026-05-27 11:58:24.763,THINKING_TIME,9,C9_VisualUnpredictable_AudioUnpredictable,CardVisual_1_0,0.83,NA
2026-05-27 11:58:24.767,RECHECK,9,C9_VisualUnpredictable_AudioUnpredictable,CardVisual_1_0,pair_2,14
2026-05-27 11:58:24.770,CARD_FLIP,9,C9_VisualUnpredictable_AudioUnpredictable,CardVisual_1_0,pair_2,SECOND
2026-05-27 11:58:25.774,MATCH,9,C9_VisualUnpredictable_AudioUnpredictable,CardVisual_2_0,CardVisual_1_0,NA
2026-05-27 11:58:26.212,THINKING_TIME,9,C9_VisualUnpredictable_AudioUnpredictable,CardVisual_3_0,1.45,NA
2026-05-27 11:58:26.215,CARD_FLIP,9,C9_VisualUnpredictable_AudioUnpredictable,CardVisual_3_0,pair_5,FIRST
2026-05-27 11:58:27.412,THINKING_TIME,9,C9_VisualUnpredictable_AudioUnpredictable,CardVisual_0_3,1.20,NA
2026-05-27 11:58:27.416,RECHECK,9,C9_VisualUnpredictable_AudioUnpredictable,CardVisual_0_3,pair_5,15
2026-05-27 11:58:27.419,CARD_FLIP,9,C9_VisualUnpredictable_AudioUnpredictable,CardVisual_0_3,pair_5,SECOND
2026-05-27 11:58:28.418,MATCH,9,C9_VisualUnpredictable_AudioUnpredictable,CardVisual_3_0,CardVisual_0_3,NA
2026-05-27 11:58:29.151,THINKING_TIME,9,C9_VisualUnpredictable_AudioUnpredictable,CardVisual_2_1,1.74,NA
2026-05-27 11:58:29.154,RECHECK,9,C9_VisualUnpredictable_AudioUnpredictable,CardVisual_2_1,pair_3,16
2026-05-27 11:58:29.157,CARD_FLIP,9,C9_VisualUnpredictable_AudioUnpredictable,CardVisual_2_1,pair_3,FIRST
2026-05-27 11:58:29.845,THINKING_TIME,9,C9_VisualUnpredictable_AudioUnpredictable,CardVisual_3_1,0.70,NA
2026-05-27 11:58:29.849,CARD_FLIP,9,C9_VisualUnpredictable_AudioUnpredictable,CardVisual_3_1,pair_3,SECOND
2026-05-27 11:58:30.858,MATCH,9,C9_VisualUnpredictable_AudioUnpredictable,CardVisual_2_1,CardVisual_3_1,NA
2026-05-27 11:58:31.248,THINKING_TIME,9,C9_VisualUnpredictable_AudioUnpredictable,CardVisual_1_2,1.40,NA
2026-05-27 11:58:31.252,RECHECK,9,C9_VisualUnpredictable_AudioUnpredictable,CardVisual_1_2,pair_6,17
2026-05-27 11:58:31.255,CARD_FLIP,9,C9_VisualUnpredictable_AudioUnpredictable,CardVisual_1_2,pair_6,FIRST
2026-05-27 11:58:32.089,THINKING_TIME,9,C9_VisualUnpredictable_AudioUnpredictable,Card_0_0,0.84,NA
2026-05-27 11:58:32.093,RECHECK,9,C9_VisualUnpredictable_AudioUnpredictable,Card_0_0,pair_6,18
2026-05-27 11:58:32.096,CARD_FLIP,9,C9_VisualUnpredictable_AudioUnpredictable,Card_0_0,pair_6,SECOND
2026-05-27 11:58:33.108,MATCH,9,C9_VisualUnpredictable_AudioUnpredictable,CardVisual_1_2,Card_0_0,NA
2026-05-27 11:58:33.111,ROUND_END,9,C9_VisualUnpredictable_AudioUnpredictable,ROUND,39.07,mismatches=9rechecks=18
2026-05-27 11:58:33.115,DISTRACTOR_OFF,9,C9_VisualUnpredictable_AudioUnpredictable,VisualDistractor,VISUAL,NA
2026-05-27 11:58:33.118,DISTRACTOR_OFF,9,C9_VisualUnpredictable_AudioUnpredictable,UnpredictableOrbitAudioSource,AUDIO,NA
2026-05-27 11:58:33.121,QUESTIONNAIRE_START,9,C9_VisualUnpredictable_AudioUnpredictable,POST_CONDITION_QUESTIONNAIRE,NA,NA
2026-05-27 11:59:09.980,QUESTIONNAIRE_ANSWER,9,C9_VisualUnpredictable_AudioUnpredictable,Q1,How much mental and perceptual activity was required (e.g. thinking," deciding, calculating, remembering, looking, searching, etc)? Was the task easy or demanding, simple or complex, exacting or forgiving?,15"
2026-05-27 11:59:09.984,QUESTIONNAIRE_ANSWER,9,C9_VisualUnpredictable_AudioUnpredictable,Q2,How much physical activity was required (e.g. pushing," pulling, turning, controlling, activating, etc)? Was the task easy or demanding, slow or brisk, slack or strenuous, restful or laborious?,11"
2026-05-27 11:59:09.987,QUESTIONNAIRE_ANSWER,9,C9_VisualUnpredictable_AudioUnpredictable,Q3,How much time pressure did you feel due to the rate of pace at which the tasks or task elements occurred? Was the pace slow and leisurely or rapid and frantic?,30
2026-05-27 11:59:09.991,QUESTIONNAIRE_ANSWER,9,C9_VisualUnpredictable_AudioUnpredictable,Q4,How successful do you think you were in accomplishing the goals of the task set by the experimenter (or yourself)? How satisfied were you with your performance in accomplishing these goals?,52
2026-05-27 11:59:09.993,QUESTIONNAIRE_ANSWER,9,C9_VisualUnpredictable_AudioUnpredictable,Q5,How hard did you have to work (mentally and physically) to accomplish your level of performance?,50
2026-05-27 11:59:09.997,QUESTIONNAIRE_ANSWER,9,C9_VisualUnpredictable_AudioUnpredictable,Q6,How insecure," discouraged, irritated, stressed and annoyed versus secure, gratified, content, relaxed and complacent did you feel during the task?,51"
2026-05-27 11:59:09.999,QUESTIONNAIRE_END,9,C9_VisualUnpredictable_AudioUnpredictable,POST_CONDITION_QUESTIONNAIRE,NA,NA
2026-05-27 11:59:10.002,DISTRACTOR_OFF,9,C9_VisualUnpredictable_AudioUnpredictable,VisualDistractor,VISUAL,NA
2026-05-27 11:59:10.005,DISTRACTOR_OFF,9,C9_VisualUnpredictable_AudioUnpredictable,VisualDistractor,VISUAL,NA
2026-05-27 11:59:10.009,EXPERIMENT_END,9,C9_VisualUnpredictable_AudioUnpredictable,SYSTEM,NA,NA
